symbol,entry_date,entry_price,prediction,actual_return,target_hit,cumulative_return
NSE:GRSE-EQ,2025-01-13,1371.4,0.64,0.2467186816392007,1.0,0.24671868163920063
NSE:INDIGO-EQ,2025-01-13,4001.4,0.66,0.1288424051581945,1.0,0.40734891513724847
NSE:BAJAJFINSV-EQ,2025-01-13,1674.15,0.61,0.1086222859361466,0.0,0.5602183714092124
NSE:HDFCSILVER-EQ,2025-01-13,87.36,0.74,0.0720009157509158,1.0,0.6725555229220781
NSE:SILVERADD-EQ,2025-01-14,86.68,0.67,0.0904476234425471,1.0,0.8238341950460866
NSE:LTF-EQ,2025-01-14,133.73,0.63,0.1582292679279144,1.0,1.112418144550126
NSE:SBICARD-EQ,2025-01-14,734.7,0.67,0.1521709541309377,1.0,1.433866829129824
NSE:SILVERBEES-EQ,2025-01-14,86.27,0.71,0.0799814535759824,1.0,1.6285310359339946
NSE:INDIGO-EQ,2025-01-14,3995.0,0.63,0.130650813516896,1.0,1.9719507541331804
NSE:HDFCSILVER-EQ,2025-01-14,86.38,0.65,0.0841630006946053,1.0,2.222079047517624
NSE:BHARTIARTL-EQ,2025-01-15,1607.45,0.62,0.0622725434694702,1.0,2.4227261050662343
NSE:SDBL-EQ,2025-01-15,107.46,0.67,0.0748185371300949,0.0,2.6788094652442775
NSE:DEEPAKFERT-EQ,2025-01-15,1139.7,0.62,0.1538124067737123,0.0,3.2446560031554137
NSE:BAJAJFINSV-EQ,2025-01-15,1671.65,0.61,0.1102802620165703,0.0,3.712757779353601
NSE:HDFCSILVER-EQ,2025-01-15,87.44,0.62,0.0710201280878317,1.0,4.047458440490219
NSE:BDL-EQ,2025-01-15,1134.0,0.64,0.1867724867724867,1.0,4.990184805301355
NSE:SILVERBEES-EQ,2025-01-15,87.32,0.69,0.0669949610627577,1.0,5.391497003091241
NSE:NH-EQ,2025-01-16,1310.15,0.61,0.0819371827653321,0.0,5.915198261177601
NSE:SPIC-EQ,2025-01-16,73.48,0.61,0.1235710397387043,1.0,6.769716500310596
NSE:SDBL-EQ,2025-01-17,108.32,0.74,0.0662850812407681,0.0,7.28473278975142
NSE:DEEPAKFERT-EQ,2025-01-17,1206.75,0.65,0.0897037497410399,0.0,8.027904386594669
NSE:SILVERBEES-EQ,2025-01-20,87.73,0.68,0.081158098711957,1.0,8.76059194196403
NSE:HDFCSILVER-EQ,2025-01-20,87.99,0.75,0.0768269121491079,1.0,9.51046808161259
NSE:HEROMOTOCO-EQ,2025-01-20,4092.1,0.61,0.1052882383128466,0.0,10.617096749768985
NSE:SILVERADD-EQ,2025-01-21,88.17,0.63,0.085289781104684,1.0,11.607916388628718
NSE:SILVERADD-EQ,2025-01-22,88.92,0.66,0.0761358524516418,1.0,12.56783085051599
NSE:SILVERBEES-EQ,2025-01-22,88.61,0.63,0.0704209457171876,1.0,13.52329033034016
NSE:BAJAJFINSV-EQ,2025-01-22,1743.3,0.63,0.0978030172661045,0.0,14.943711945279066
NSE:TVSMOTOR-EQ,2025-01-22,2273.25,0.61,0.1965247992961618,1.0,18.077046735360852
NSE:HDFCGOLD-EQ,2025-01-23,69.46,0.63,0.1056723293982148,1.0,20.09296270192504
NSE:HEROMOTOCO-EQ,2025-01-23,4100.35,0.61,0.1030643725535623,0.0,22.266895668094634
NSE:HDFCSILVER-EQ,2025-01-23,87.98,0.64,0.0780859286201408,1.0,24.083712822445733
NSE:BAJAJFINSV-EQ,2025-01-23,1746.15,0.64,0.0960112246943274,0.0,26.492030810409553
NSE:GOLDIETF-EQ,2025-01-23,69.49,0.63,0.1080731040437473,1.0,29.46317991655685
NSE:SILVERBEES-EQ,2025-01-24,88.67,0.61,0.0696966279463177,1.0,31.586360833262844
NSE:NH-EQ,2025-01-24,1305.35,0.62,0.0877542421572759,0.0,34.445952232849365
NSE:BAJAJFINSV-EQ,2025-01-27,1711.6,0.65,0.1181350782893199,0.0,38.633362574916525
NSE:SILVERBEES-EQ,2025-01-27,87.59,0.69,0.0828861742208013,1.0,41.918420370257245
NSE:GOLDIETF-EQ,2025-01-27,69.82,0.69,0.1028358636493842,1.0,46.33197319549998
NSE:HDFCSILVER-EQ,2025-01-27,87.67,0.72,0.0838371164594501,1.0,50.300149344546675
NSE:AEGISLOG-EQ,2025-01-27,651.1,0.62,0.3004914759637536,0.0,65.7154069382505
NSE:SDBL-EQ,2025-01-27,103.26,0.62,0.1582413325585898,0.0,76.27254183434785
NSE:INDHOTEL-EQ,2025-01-28,753.7,0.63,0.1091946397770995,0.0,84.71028920461032
NSE:NH-EQ,2025-01-28,1269.1,0.63,0.1267827594358207,1.0,95.57687618201304
NSE:BHARTIARTL-EQ,2025-01-28,1618.35,0.72,0.068001359409275,1.0,102.14423504989115
NSE:SILVERBEES-EQ,2025-01-28,87.1,0.63,0.0889781859931113,1.0,111.32182198027756
NSE:HDFCSILVER-EQ,2025-01-28,87.27,0.68,0.1109201329208205,1.0,123.78057340423868
NSE:GABRIEL-EQ,2025-01-28,397.25,0.61,0.3089993706733794,1.0,162.33769205841185
NSE:GOLDIETF-EQ,2025-01-28,69.79,0.63,0.103309929789368,1.0,179.2120975569238
NSE:SDBL-EQ,2025-01-28,103.2,0.66,0.1589147286821704,0.0,207.85045414542716
NSE:BHARTIARTL-EQ,2025-01-29,1600.45,0.72,0.079946265112937,1.0,224.54726792149478
NSE:JSWSTEEL-EQ,2025-01-29,937.6,0.62,0.0569005972696246,1.0,237.38104217875988
NSE:SDBL-EQ,2025-01-29,102.28,0.62,0.1693390692217441,0.0,277.7482659814204
NSE:BERGEPAINT-EQ,2025-01-29,458.8,0.62,0.1050566695727985,1.0,307.032630454621
NSE:HDFCSILVER-EQ,2025-01-29,88.18,0.62,0.0994556588795644,1.0,337.6682186728907
NSE:SILVERADD-EQ,2025-01-30,89.66,0.64,0.0711577068927058,1.0,361.76707251109104
NSE:ITCHOTELS-EQ,2025-01-31,162.95,0.62,0.1045719545872968,1.0,399.70233434348745
NSE:ASTERDM-EQ,2025-02-01,475.5,0.66,0.0443743427970557,0.0,417.4832370872258
NSE:SAILIFE-EQ,2025-02-01,655.4,0.61,0.1672261214525481,1.0,487.4645657182297
NSE:BHARTIARTL-EQ,2025-02-01,1623.25,0.71,0.064777452641306,0.0,519.1060559909985
NSE:ASTERDM-EQ,2025-02-03,468.6,0.67,0.0452411438326931,0.0,542.636248878342
NSE:ASTERDM-EQ,2025-02-04,473.8,0.67,0.0337695230054875,0.0,560.9945856914561
NSE:PSUBNKBEES-EQ,2025-02-05,70.31,0.65,0.009671454985066,0.0,566.4298910288219
NSE:ASTERDM-EQ,2025-02-06,479.9,0.71,0.0139612419254012,0.0,574.3519170131793
NSE:NH-EQ,2025-02-07,1405.0,0.62,0.2046263345195729,0.0,692.0840708503957
NSE:BANKIETF-EQ,2025-02-10,50.87,0.72,0.0300766660114016,0.0,712.9297289671857
NSE:HDFCSILVER-EQ,2025-02-12,91.6,0.64,0.058406113537118,1.0,754.6275897747671
NSE:HONASA-EQ,2025-02-12,204.71,0.67,0.1479654144887889,1.0,866.4343392949551
NSE:BANKIETF-EQ,2025-02-13,50.25,0.63,0.0338308457711443,0.0,895.7803766442371
NSE:INDHOTEL-EQ,2025-02-14,710.2,0.71,0.1164460715291466,0.0,1000.206928528887
NSE:CESC-EQ,2025-02-14,122.18,0.67,0.1780160419053854,1.0,1178.4378230738475
NSE:SAILIFE-EQ,2025-02-14,662.2,0.74,0.150709755360918,1.0,1356.1906088527207
NSE:INDIGO-EQ,2025-02-14,4223.3,0.67,0.1424241706722231,1.0,1549.487355762699
NSE:HEG-EQ,2025-02-14,340.65,0.69,0.2369000440334656,1.0,1916.7978786162141
NSE:ABCAPITAL-EQ,2025-02-14,152.74,0.62,0.0917244991488803,1.0,2092.7069285010716
NSE:NAVA-EQ,2025-02-14,364.1,0.68,0.2331776984344959,1.0,2580.9126912853094
NSE:HEG-EQ,2025-02-17,339.9,0.64,0.2558105325095617,1.0,3241.3931517362
NSE:AWL-EQ,2025-02-17,235.75,0.71,0.1232237539766702,1.0,3640.9330077613818
NSE:INDIGO-EQ,2025-02-17,4303.0,0.61,0.1742389030908668,1.0,4275.499420164147
NSE:AUBANK-EQ,2025-02-17,522.05,0.61,0.0899339143760177,0.0,4660.101752846278
NSE:SRF-EQ,2025-02-17,2747.8,0.63,0.1057937258898026,1.0,5153.217074031375
NSE:HDFCLIFE-EQ,2025-02-18,618.95,0.63,0.0959689797237256,0.0,5647.862027900772
NSE:NORTHARC-EQ,2025-02-18,167.29,0.8,0.0705361946320761,1.0,6046.311259350525
NSE:SAILIFE-EQ,2025-02-18,671.3,0.77,0.1351109786980486,1.0,6863.369402093103
NSE:MODEFENCE-EQ,2025-02-18,56.17,0.8,0.2070500267046465,1.0,8284.637270107038
NSE:MSUMI-EQ,2025-02-18,48.27,0.68,0.1214004557696291,0.0,9290.517411039858
NSE:RHIM-EQ,2025-02-18,382.6,0.78,0.2875065342394145,1.0,11961.889379713106
NSE:BHEL-EQ,2025-02-18,186.57,0.61,0.114595058155116,0.0,13332.77738388455
NSE:BANKIETF-EQ,2025-02-19,50.44,0.72,0.0299365582870738,0.0,13731.944787724076
NSE:SRF-EQ,2025-02-20,2795.9,0.62,0.0926356450516828,1.0,15004.10498659404
NSE:GLENMARK-EQ,2025-02-21,1300.8,0.75,0.1676276137761377,1.0,17519.374929957223
NSE:UNITDSPR-EQ,2025-02-21,1306.5,0.65,0.0869115958668197,1.0,19042.098675304824
NSE:ITCHOTELS-EQ,2025-02-21,162.71,0.69,0.2568987769651526,1.0,23934.24743461735
NSE:NH-EQ,2025-02-21,1396.8,0.61,0.234500286368843,1.0,29547.069812344234
NSE:HDFCLIFE-EQ,2025-02-21,622.85,0.63,0.1037167857429558,0.0,32611.70063818904
NSE:SUNPHARMA-EQ,2025-02-21,1643.75,0.64,0.1072243346007604,0.0,36108.575763652654
NSE:SUNPHARMA-EQ,2025-02-24,1639.5,0.65,0.1100945410186032,0.0,40084.04293372847
NSE:LTF-EQ,2025-02-24,134.25,0.69,0.1910614525139665,1.0,47742.74946073134
NSE:BHARTIARTL-EQ,2025-02-24,1601.3,0.61,0.1022294385811528,1.0,52623.56616386113
NSE:CUB-EQ,2025-02-24,147.96,0.66,0.1057042443903756,1.0,58186.20616658339
NSE:RHIM-EQ,2025-02-25,389.55,0.65,0.3502759594403798,1.0,78567.78563373857
NSE:LTF-EQ,2025-02-25,133.49,0.66,0.1978425350213498,1.0,94112.03335706642
NSE:HDFCLIFE-EQ,2025-02-25,622.15,0.62,0.1049586112673793,0.0,103990.00664038466
NSE:JSWSTEEL-EQ,2025-02-25,958.75,0.62,0.1211473272490222,1.0,116588.23915280258
NSE:LUPIN-EQ,2025-02-25,1899.2,0.68,0.1241575400168491,1.0,131063.67227845066
NSE:MOTILALOFS-EQ,2025-02-27,573.9,0.63,0.176075971423593,1.0,154141.01176919372
NSE:ITCHOTELS-EQ,2025-02-27,161.94,0.63,0.270841052241571,1.0,195888.99643139477
NSE:DBREALTY-EQ,2025-02-27,118.65,0.65,0.325410872313527,1.0,259633.73104762862
NSE:CUB-EQ,2025-02-27,146.55,0.66,0.116342545206414,1.0,289840.29648169247
NSE:MSUMI-EQ,2025-02-27,47.25,0.69,0.2160846560846561,1.0,352470.5533510698
NSE:LUPIN-EQ,2025-02-27,1891.05,0.61,0.1290024060707015,1.0,397940.23180483544
NSE:SUNPHARMA-EQ,2025-02-27,1647.5,0.61,0.1047040971168437,0.0,439606.30918652535
NSE:POWERGRID-EQ,2025-02-28,250.85,0.72,0.1849710982658959,1.0,520920.9559724722
NSE:SUVEN-BE,2025-02-28,104.16,0.7,0.2384792626728111,1.0,645150.039942866
NSE:MSUMI-EQ,2025-02-28,47.0,0.66,0.2225531914893617,1.0,788730.4628748314
NSE:CUB-EQ,2025-02-28,147.8,0.62,0.1069012178619755,0.0,873046.8168222083
NSE:WELSPUNLIV-EQ,2025-02-28,106.92,0.82,0.3233258511036289,1.0,1155325.7452504141
NSE:DMART-EQ,2025-02-28,3403.95,0.63,0.2309228983974501,1.0,1422117.145859732
NSE:AUROPHARMA-EQ,2025-02-28,1058.3,0.66,0.1629027685911368,1.0,1653784.1290839766
NSE:BAJAJCON-EQ,2025-02-28,155.54,0.63,0.0991384852770992,1.0,1817737.8817551539
NSE:HAL-EQ,2025-02-28,3088.2,0.69,0.439333592383913,1.0,2616331.6346925623
NSE:SIEMENS-EQ,2025-02-28,4623.5,0.64,0.1939007245593165,1.0,3123640.4282476357
NSE:GRANULES-EQ,2025-02-28,461.8,0.71,0.1205067128627112,1.0,3500060.188927543
NSE:GPPL-EQ,2025-02-28,124.95,0.63,0.1756702681072429,1.0,4114916.8763781996
NSE:NIFTYBEES-EQ,2025-02-28,248.45,0.64,0.0739384181927953,1.0,4419167.39515086
NSE:NH-EQ,2025-02-28,1444.5,0.7,0.1937348563516787,1.0,5275314.349379291
NSE:HINDPETRO-EQ,2025-02-28,293.75,0.7,0.2663829787234043,1.0,6680568.5658522425
NSE:WOCKPHARMA-EQ,2025-02-28,1155.5,0.66,0.3299870186066637,1.0,8885069.799482238
NSE:SURYAROSNI-EQ,2025-02-28,213.8,0.72,0.2366697848456499,1.0,10987897.593934065
NSE:GODREJCP-EQ,2025-02-28,1005.15,0.64,0.1636571655971746,1.0,12786145.933686493
NSE:NEXT50IETF-EQ,2025-02-28,60.07,0.62,0.1311802896620609,1.0,14463436.392109158
NSE:NCC-EQ,2025-02-28,175.0,0.65,0.2469714285714285,1.0,18035492.18689177
NSE:NBCC-EQ,2025-02-28,72.86,0.78,0.1844633543782596,1.0,21362379.758012075
NSE:PFC-EQ,2025-02-28,364.3,0.69,0.18816909140818,1.0,25382119.535562795
NSE:HDFCLIFE-EQ,2025-02-28,608.5,0.62,0.1471651602300738,1.0,29117483.37115794
NSE:CROMPTON-EQ,2025-02-28,321.15,0.64,0.1443250817375059,1.0,33319866.68301586
NSE:RHIM-EQ,2025-02-28,391.7,0.76,0.3987745723768189,1.0,46606982.6699627
NSE:PSUBNKBEES-EQ,2025-02-28,62.97,0.68,0.1308559631570588,1.0,52705784.40794098
NSE:BHARATFORG-EQ,2025-02-28,1016.5,0.61,0.190359075258239,1.0,62738808.978955805
NSE:CANBK-EQ,2025-02-28,80.9,0.67,0.1402966625463534,1.0,71540854.63113315
NSE:LICHSGFIN-EQ,2025-02-28,496.9,0.67,0.1783054940631918,1.0,84296982.24014583
NSE:BIOCON-EQ,2025-02-28,302.45,0.63,0.1729211439907423,0.0,98873713.01700029
NSE:BHEL-EQ,2025-02-28,179.17,0.67,0.2384885862588604,1.0,122453965.29107755
NSE:UTINIFTETF-EQ,2025-02-28,241.9,0.62,0.0754030591153368,1.0,131687368.95023112
NSE:NEXT50IETF-EQ,2025-03-03,60.41,0.61,0.1248137725542129,1.0,148123766.39146176
NSE:UTINIFTETF-EQ,2025-03-03,241.37,0.62,0.0777644280565106,1.0,159642526.4442344
NSE:SUNPHARMA-EQ,2025-03-03,1585.1,0.62,0.1481925430572204,1.0,183300358.5662776
NSE:KARURVYSYA-EQ,2025-03-03,199.97,0.65,0.0840626093914087,0.0,198709065.09380236
NSE:KRBL-EQ,2025-03-03,248.25,0.73,0.2157099697885197,1.0,241572591.73760143
NSE:SURYAROSNI-EQ,2025-03-03,225.65,0.72,0.1717261245291379,1.0,283056916.8808855
NSE:GODREJCP-EQ,2025-03-03,998.35,0.64,0.1715831121350228,1.0,331624703.7622354
NSE:JYOTICNC-EQ,2025-03-03,770.75,0.7,0.5180019461563412,1.0,503406946.2225954
NSE:ASTERDM-EQ,2025-03-03,394.0,0.65,0.2791878172588832,1.0,643952033.0106295
NSE:KIRIINDUS-EQ,2025-03-03,521.1,0.7,0.266551525618883,1.0,815598430.1015457
NSE:SETFGOLD-EQ,2025-03-03,73.61,0.62,0.0732237467735362,1.0,875319603.0894186
NSE:SULA-EQ,2025-03-03,253.65,0.62,0.1626256652868124,1.0,1017669036.0430496
NSE:GATEWAY-EQ,2025-03-03,58.99,0.7,0.1264621122224105,1.0,1146365612.0108602
NSE:OSWALAGRO-EQ,2025-03-03,59.01,0.72,0.4744958481613287,1.0,1690311335.85943
NSE:SHRIRAMPPS-EQ,2025-03-03,66.85,0.66,0.1443530291697831,1.0,1934312897.5751147
NSE:ADANIENT-EQ,2025-03-03,2117.1,0.64,0.1312644655424874,1.0,2188219446.398517
NSE:WOCKPHARMA-EQ,2025-03-03,1200.1,0.61,0.2805599533372219,1.0,2802146192.4522467
NSE:MARICO-EQ,2025-03-03,594.15,0.77,0.1125136749978961,1.0,3117425958.5589247
NSE:NIFTYBEES-EQ,2025-03-03,248.05,0.7,0.0756702277766578,1.0,3353322290.995615
NSE:PARAS-EQ,2025-03-03,417.48,0.71,0.2547906486538277,1.0,4207717452.9185185
NSE:MAHABANK-EQ,2025-03-03,44.64,0.62,0.1099910394265232,1.0,4670528669.288139
NSE:LXCHEM-EQ,2025-03-03,170.25,0.62,0.1200587371512481,1.0,5231266443.271631
NSE:GRAPHITE-EQ,2025-03-03,374.45,0.63,0.4020563493123248,1.0,7334530332.13555
NSE:BHARATFORG-EQ,2025-03-03,1030.25,0.72,0.1744722154816792,1.0,8614202088.875286
NSE:HDFCGOLD-EQ,2025-03-03,73.52,0.74,0.080658324265506,1.0,9309009194.329046
NSE:NORTHARC-EQ,2025-03-03,167.54,0.74,0.0728781186582309,1.0,9987432271.0568
NSE:SETFNIF50-EQ,2025-03-03,234.48,0.7,0.0756567724326169,1.0,10743049161.649977
NSE:JIOFIN-EQ,2025-03-03,200.92,0.69,0.1742982281505077,1.0,12615543595.633663
NSE:GLENMARK-EQ,2025-03-03,1313.2,0.65,0.1866433140420346,1.0,14970150460.95114
NSE:LUPIN-EQ,2025-03-03,1952.95,0.61,0.0932179523285286,1.0,16365637233.064201
NSE:TANLA-EQ,2025-03-03,426.05,0.82,0.2414035911278018,1.0,20316360832.462166
NSE:HINDUNILVR-EQ,2025-03-03,2176.85,0.78,0.0547350529434734,1.0,21428377918.300426
NSE:HINDPETRO-EQ,2025-03-03,297.8,0.67,0.2491605104096708,1.0,26767483497.92464
NSE:BAJAJHFL-EQ,2025-03-03,110.1,0.66,0.1587647593097184,1.0,31017216572.958267
NSE:MODEFENCE-EQ,2025-03-03,57.12,0.68,0.2598039215686274,1.0,39075611075.01605
NSE:RHIM-EQ,2025-03-03,389.85,0.7,0.4054123380787481,1.0,54917345923.19955
NSE:PSUBNKBEES-EQ,2025-03-03,62.71,0.69,0.1355445702439801,1.0,62361093975.435165
NSE:ITCHOTELS-EQ,2025-03-03,161.5,0.68,0.3207430340557276,1.0,82362980464.47134
NSE:BALUFORGE-BE,2025-03-03,443.4,0.83,0.5193955796120886,1.0,125141948441.91397
NSE:RELIANCE-EQ,2025-03-03,1171.25,0.62,0.1164994663820704,1.0,139720918657.52603
NSE:MRPL-EQ,2025-03-03,101.4,0.73,0.4561143984220907,1.0,203449641418.4415
NSE:HDFCSML250-EQ,2025-03-03,138.44,0.7,0.1412886449003178,1.0,232194765560.05
NSE:BANKBARODA-EQ,2025-03-03,195.91,0.63,0.193149915777653,1.0,277043164972.1787
NSE:POONAWALLA-EQ,2025-03-03,273.8,0.61,0.3036888239590941,1.0,361178077928.78864
NSE:J&KBANK-EQ,2025-03-03,92.12,0.64,0.0746851932262266,1.0,388152732468.05206
NSE:BANKIETF-EQ,2025-03-03,48.96,0.62,0.0802696078431372,1.0,419309600086.5851
NSE:RCF-EQ,2025-03-03,114.81,0.7,0.1791655779113317,1.0,494435446910.04663
NSE:INTELLECT-EQ,2025-03-03,647.55,0.62,0.1412246158597792,1.0,564261902967.5175
NSE:INTELLECT-EQ,2025-03-04,647.5,0.66,0.1413127413127413,1.0,643999299294.3427
NSE:ADANIPORTS-EQ,2025-03-04,1057.95,0.7,0.1456117963986955,1.0,737773194144.2388
NSE:BAJAJHFL-EQ,2025-03-04,110.86,0.8,0.1508208551325996,1.0,849044778179.133
NSE:ADANIENT-EQ,2025-03-04,2144.8,0.61,0.1329261469600894,1.0,961905029139.2019
NSE:INDHOTEL-EQ,2025-03-04,716.9,0.62,0.1968196401171711,1.0,1151226830801.4734
NSE:RHIM-EQ,2025-03-04,394.55,0.64,0.3886706374350525,1.0,1598674896961.8062
NSE:TANLA-EQ,2025-03-04,433.35,0.74,0.22049151955694,1.0,1951169154270.6697
NSE:BHARATFORG-EQ,2025-03-04,1022.8,0.7,0.1830269847477513,1.0,2308285761309.8335
NSE:DAMCAPITAL-EQ,2025-03-04,202.29,0.68,0.2674872707499134,1.0,2925722819713.7544
NSE:MOM100-EQ,2025-03-04,51.52,0.66,0.1135481366459626,1.0,3257933194234.936
NSE:NORTHARC-EQ,2025-03-04,166.23,0.76,0.1532214401732539,1.0,3757118410244.0156
NSE:COROMANDEL-EQ,2025-03-04,1611.7,0.66,0.3184835887572128,1.0,4953698964924.643
NSE:MARICO-EQ,2025-03-04,587.75,0.81,0.1271799234368354,1.0,5583710020013.017
NSE:IIFL-EQ,2025-03-04,283.6,0.64,0.2427715091678419,1.0,6939275728327.421
NSE:JAMNAAUTO-EQ,2025-03-04,70.85,0.66,0.1490472829922371,1.0,7973555921568.749
NSE:RELIANCE-EQ,2025-03-04,1161.9,0.65,0.1254841208365607,1.0,8974110576328.082
NSE:HDFCSILVER-EQ,2025-03-04,92.68,0.61,0.0692706085455328,1.0,9595752677105.299
NSE:AUROPHARMA-EQ,2025-03-04,1051.75,0.68,0.2049441407178511,1.0,11562345964055.87
NSE:JIOFIN-EQ,2025-03-04,206.38,0.64,0.1432309332299641,1.0,13218431566815.443
NSE:ATGL-EQ,2025-03-04,547.15,0.61,0.1731700630540071,1.0,15507468194716.125
NSE:GATEWAY-EQ,2025-03-04,58.86,0.63,0.1289500509683996,1.0,17507157008815.734
NSE:HDFCSML250-EQ,2025-03-04,139.94,0.75,0.1290553094183221,1.0,19766548573623.727
NSE:BANKBARODA-EQ,2025-03-04,195.92,0.64,0.2173336055532871,1.0,24062483844473.773
NSE:ASIANPAINT-EQ,2025-03-04,2132.1,0.82,0.1087660053468412,1.0,26679664090960.195
NSE:SETFNIF50-EQ,2025-03-04,234.06,0.62,0.0881825173032555,1.0,29032344031306.426
NSE:KTKBANK-EQ,2025-03-04,164.24,0.82,0.1647588894301023,1.0,33815680791457.3
NSE:ITCHOTELS-EQ,2025-03-04,162.93,0.69,0.3091511692137728,1.0,44269838045896.35
NSE:SUNPHARMA-EQ,2025-03-04,1566.5,0.68,0.1618257261410788,1.0,51433836733821.64
NSE:DMART-EQ,2025-03-04,3408.4,0.67,0.2309294683722567,1.0,63311425307108.75
NSE:HINDUNILVR-EQ,2025-03-04,2157.35,0.8,0.0642686629429624,1.0,67380365960609.94
NSE:UTINIFTETF-EQ,2025-03-04,240.82,0.62,0.0802258948592309,1.0,72786016115742.4
NSE:KIRLOSENG-EQ,2025-03-04,585.55,0.65,0.3252497651780378,1.0,96459650765632.81
NSE:HDFCLIFE-EQ,2025-03-04,616.5,0.63,0.1382806163828061,1.0,109798150729574.88
NSE:HINDUNILVR-EQ,2025-03-05,2170.45,0.74,0.0578451473196803,1.0,116149440933955.66
NSE:PTC-EQ,2025-03-05,148.53,0.61,0.1732983235709958,1.0,136277944331518.73
NSE:MARICO-EQ,2025-03-05,589.15,0.71,0.1575999321055758,1.0,157755339105653.7
NSE:KIRLOSENG-EQ,2025-03-05,601.7,0.61,0.2896792421472494,1.0,203453786182462.06
NSE:NORTHARC-EQ,2025-03-05,169.1,0.74,0.134240094618569,1.0,230765441690102.03
NSE:KTKBANK-EQ,2025-03-05,171.87,0.68,0.1130505614708791,1.0,256853604441243.56
NSE:OSWALAGRO-EQ,2025-03-05,59.62,0.61,0.4634350888963435,1.0,375888577448818.0
NSE:BAJAJFINSV-EQ,2025-03-05,1801.8,0.61,0.1222111222111222,1.0,421826342325180.5
NSE:GODREJCP-EQ,2025-03-05,991.35,0.67,0.1869672668583245,1.0,500694060638563.6
NSE:DAMCAPITAL-EQ,2025-03-05,206.84,0.66,0.2396054921678591,1.0,620663107463390.8
NSE:SUNPHARMA-EQ,2025-03-05,1582.45,0.71,0.1501153274984991,1.0,713834153106493.9
NSE:BAJAJHFL-EQ,2025-03-05,112.24,0.65,0.1366714183891661,1.0,811394879306187.8
NSE:MODEFENCE-EQ,2025-03-10,61.78,0.63,0.1647782453868564,1.0,945095103834141.8
NSE:BANKIETF-EQ,2025-03-10,49.01,0.63,0.0791675168332993,1.0,1019915936376000.0
NSE:TVSMOTOR-EQ,2025-03-10,2257.25,0.62,0.1301140768634399,1.0,1152621356915874.2
NSE:ITCHOTELS-EQ,2025-03-10,169.38,0.77,0.2592986184909671,1.0,1451494482407344.8
NSE:ABSLBANETF-EQ,2025-03-11,48.47,0.64,0.0965545698370125,1.0,1591642907776983.0
NSE:DMART-EQ,2025-03-11,3631.65,0.66,0.1552600057824955,1.0,1838761394842105.5
NSE:PNBGILTS-EQ,2025-03-11,76.15,0.63,0.2475377544320419,1.0,2293924261457649.5
NSE:BSE-EQ,2025-03-11,1269.92,0.67,0.5190484439964721,1.0,3484582080012999.5
NSE:DRREDDY-EQ,2025-03-12,1105.15,0.62,0.1101660408089399,0.0,3868464691641812.5
NSE:SULA-EQ,2025-03-12,250.4,0.77,0.1777156549520765,1.0,4555951427975920.0
NSE:UPL-EQ,2025-03-12,608.05,0.67,0.1040210509004193,0.0,5029866283365242.0
NSE:TVSMOTOR-EQ,2025-03-12,2259.0,0.63,0.1511730854360336,1.0,5790246688752241.0
NSE:ITCHOTELS-EQ,2025-03-12,169.27,0.61,0.2601169728835588,1.0,7296388129679524.0
NSE:PNBGILTS-EQ,2025-03-12,75.44,0.62,0.2592788971367974,1.0,9188187597024852.0
NSE:HINDUNILVR-EQ,2025-03-12,2192.9,0.81,0.094441150987277,1.0,1.00559306091749e+16
NSE:KTKBANK-EQ,2025-03-12,171.73,0.76,0.1139579572584872,1.0,1.1201883919729564e+16
NSE:ASHOKLEY-EQ,2025-03-12,196.11,0.65,0.1197797154658099,1.0,1.2543642388315804e+16
NSE:BANKIETF-EQ,2025-03-12,48.86,0.61,0.0947605403192796,1.0,1.3732284718604428e+16
NSE:IGIL-EQ,2025-03-12,295.45,0.7,0.376882721272635,1.0,1.890774555264269e+16
NSE:DELHIVERY-EQ,2025-03-12,240.29,0.8,0.1496525032252695,1.0,2.1737337004942124e+16
NSE:DMART-EQ,2025-03-12,3674.2,0.71,0.1504545207119917,1.0,2.5007817625575732e+16
NSE:RHIM-EQ,2025-03-13,392.3,0.62,0.3966352281417282,1.0,3.4926799074822696e+16
NSE:DRREDDY-EQ,2025-03-13,1107.95,0.61,0.107360440453089,0.0,3.86765556071122e+16
NSE:HINDUNILVR-EQ,2025-03-13,2174.8,0.87,0.1035497517013057,1.0,4.268150333689042e+16
NSE:ASHOKLEY-EQ,2025-03-13,196.63,0.69,0.1168183898692976,1.0,4.766748783390701e+16
NSE:IDFCFIRSTB-EQ,2025-03-13,53.48,0.71,0.1869857890800299,1.0,5.658063065999284e+16
NSE:INDIGO-EQ,2025-03-13,4700.85,0.61,0.1374538647265919,1.0,6.435785701287675e+16
NSE:DELHIVERY-EQ,2025-03-13,241.76,0.71,0.1426621442753144,1.0,7.353928689529782e+16
NSE:DBREALTY-EQ,2025-03-13,117.79,0.62,0.6852024789880294,1.0,1.239285885789678e+17
NSE:PNBGILTS-EQ,2025-03-13,75.24,0.72,0.2626262626262627,1.0,1.564754906300099e+17
NSE:BANKIETF-EQ,2025-03-13,48.84,0.62,0.1074938574938574,1.0,1.7329564472107357e+17
NSE:KTKBANK-EQ,2025-03-13,171.71,0.78,0.1181643468638983,1.0,1.9377301139389738e+17
NSE:MARKSANS-EQ,2025-03-13,194.4,0.7,0.2694958847736625,0.0,2.459940405447527e+17
NSE:RAYMOND-EQ,2025-03-13,1224.1,0.72,0.2778367780410098,1.0,3.1434023218699635e+17
NSE:JBMA-EQ,2025-03-13,496.85,0.66,0.4241722853980074,1.0,4.476746468662949e+17
NSE:RBA-EQ,2025-03-13,60.16,0.73,0.2450132978723405,1.0,5.573608884688413e+17
NSE:KARURVYSYA-EQ,2025-03-13,186.71,0.71,0.1847249745594771,1.0,6.603193644116955e+17
NSE:HBLENGINE-EQ,2025-03-13,414.8,0.64,0.2986981677917069,1.0,8.575555487188534e+17
NSE:UPL-EQ,2025-03-13,601.45,0.69,0.1161360046554159,1.0,9.571486239171438e+17
NSE:LODHA-EQ,2025-03-13,1055.25,0.63,0.189291637052831,1.0,1.1383288538412845e+18
NSE:SULA-EQ,2025-03-13,250.25,0.75,0.1784215784215783,1.0,1.3414312847064727e+18
NSE:HONASA-EQ,2025-03-17,207.08,0.62,0.1831176356963491,1.0,1.5870710100110382e+18
NSE:SENCO-EQ,2025-03-17,237.7,0.69,0.53155237694573,1.0,2.430682377764066e+18
NSE:CONFIPET-EQ,2025-03-17,46.5,0.79,0.2344086021505376,1.0,3.0004552362076856e+18
NSE:KTKBANK-EQ,2025-03-17,170.39,0.83,0.1326368918363755,1.0,3.398426292832451e+18
NSE:OPTIEMUS-EQ,2025-03-17,387.1,0.7,0.2941100490829242,1.0,4.3979376166221036e+18
NSE:IDFCFIRSTB-EQ,2025-03-17,52.89,0.76,0.2110039705048212,1.0,5.325919915761878e+18
NSE:VPRPL-EQ,2025-03-17,152.56,0.66,0.1824855794441531,1.0,6.29782349766284e+18
NSE:TANLA-EQ,2025-03-17,422.95,0.64,0.250502423454309,1.0,7.875443546314874e+18
NSE:CPSEETF-EQ,2025-03-17,81.62,0.65,0.1136976231315854,0.0,8.770862758637859e+18
NSE:RAJESHEXPO-EQ,2025-03-17,151.73,0.83,0.4426942595399724,1.0,1.2653673353099764e+19
NSE:DELHIVERY-EQ,2025-03-17,242.4,0.72,0.1666666666666666,1.0,1.4762618911949722e+19
NSE:RTNINDIA-EQ,2025-03-17,38.38,0.64,0.1930693069306929,1.0,1.7612827513761792e+19
NSE:HINDUNILVR-EQ,2025-03-17,2171.25,0.82,0.1053540587219343,1.0,1.9468410377905955e+19
NSE:PNBGILTS-EQ,2025-03-17,74.56,0.62,0.283395922746781,1.0,2.498567850136562e+19
NSE:SHRIRAMPPS-EQ,2025-03-17,67.0,0.61,0.2213432835820895,1.0,3.0516090623384306e+19
NSE:FSL-EQ,2025-03-17,279.0,0.65,0.321146953405018,0.0,4.031624015691561e+19
NSE:RCF-EQ,2025-03-17,114.75,0.62,0.2522875816993463,1.0,5.0487526889313935e+19
NSE:RBA-EQ,2025-03-17,59.85,0.83,0.3306599832915622,1.0,6.718173168696678e+19
NSE:SURYAROSNI-EQ,2025-03-17,229.84,0.75,0.1834319526627219,1.0,7.950500791357016e+19
NSE:BALUFORGE-BE,2025-03-17,435.6,0.81,0.554178145087236,1.0,1.2356494572425847e+20
NSE:SULA-EQ,2025-03-17,248.5,0.73,0.1867203219315894,1.0,1.4663703216935138e+20
NSE:TVSMOTOR-EQ,2025-03-17,2266.8,0.61,0.1866949002999822,1.0,1.7401341827049374e+20
NSE:HBLENGINE-EQ,2025-03-17,406.4,0.68,0.3255413385826773,1.0,2.3066197938561758e+20
NSE:EXICOM-EQ,2025-03-17,130.85,0.67,0.3717997707298434,1.0,3.16422050437282e+20
NSE:KOTAKBANK-EQ,2025-03-17,1993.1,0.68,0.1050624655059957,1.0,3.496661311966854e+20
NSE:CDSL-EQ,2025-03-17,1058.2,0.66,0.1905121905121904,1.0,4.162817917988889e+20
NSE:RAYMOND-EQ,2025-03-17,1231.35,0.76,0.2703130710196127,1.0,5.2880820134959356e+20
NSE:RHIM-EQ,2025-03-17,386.95,0.82,0.4159452125597622,1.0,7.487634410632958e+20
NSE:DBREALTY-EQ,2025-03-17,117.44,0.67,0.690224795640327,1.0,1.2655785341541574e+21
NSE:SBFC-EQ,2025-03-18,84.16,0.63,0.2167300380228138,1.0,1.539867417982245e+21
NSE:CANBK-EQ,2025-03-18,83.92,0.63,0.1855338417540513,1.0,1.8255649358323825e+21
NSE:TEJASNET-EQ,2025-03-18,673.2,0.61,0.342840166369578,1.0,2.4514419221516245e+21
NSE:ITCHOTELS-EQ,2025-03-18,177.75,0.74,0.2,1.0,2.941730306581949e+21
NSE:AXISBANK-EQ,2025-03-18,1045.25,0.63,0.1850753408275532,1.0,3.486172045695346e+21
NSE:RAJESHEXPO-EQ,2025-03-18,155.1,0.73,0.4113475177304965,1.0,4.920200263073573e+21
NSE:RHIM-EQ,2025-03-18,397.65,0.64,0.3778448384257513,1.0,6.779272536496947e+21
NSE:BALUFORGE-BE,2025-03-18,464.35,0.67,0.4579519758802626,1.0,9.883853789616522e+21
NSE:HDFCBANK-EQ,2025-03-18,1732.2,0.63,0.1261401685717584,1.0,1.1130604772777364e+22
NSE:IGIL-EQ,2025-03-18,319.1,0.67,0.2748354747727984,1.0,1.4189689820012006e+22
NSE:SENCO-EQ,2025-03-18,249.55,0.62,0.5317571628932077,1.0,2.173515902103622e+22
NSE:HINDUNILVR-EQ,2025-03-18,2201.4,0.79,0.0902153175252111,1.0,2.3696003293579963e+22
NSE:RAJESHEXPO-EQ,2025-03-19,158.65,0.63,0.3797667822250236,1.0,3.2694958215976383e+22
NSE:SENCO-EQ,2025-03-19,262.0,0.79,0.5318702290076337,1.0,5.0084433129702764e+22
NSE:EXICOM-EQ,2025-03-19,144.25,0.62,0.2443674176776429,1.0,6.232343671945682e+22
NSE:KOTAKBANK-EQ,2025-03-19,2021.55,0.7,0.138680715292721,1.0,7.096649550321172e+22
NSE:BANKIETF-EQ,2025-03-19,50.52,0.7,0.1280680918448139,1.0,8.00550391672216e+22
NSE:AXISBANK-EQ,2025-03-19,1052.05,0.61,0.177415522075947,1.0,9.42580457358846e+22
NSE:HDFCBANK-EQ,2025-03-19,1744.1,0.66,0.1298664067427326,1.0,1.0649899944219609e+23
NSE:BALUFORGE-BE,2025-03-19,513.65,0.65,0.3180181057140076,1.0,1.4036760950524044e+23
NSE:HDFCBANK-EQ,2025-03-20,1768.75,0.66,0.1188127208480566,1.0,1.570450671094956e+23
NSE:FEDERALBNK-EQ,2025-03-20,186.54,0.66,0.1016403988420714,1.0,1.7300719036668456e+23
NSE:PSUBNKBEES-EQ,2025-03-20,67.03,0.68,0.1345666119647918,1.0,1.9628818181987706e+23
NSE:BANKBARODA-EQ,2025-03-20,215.65,0.69,0.1930442847206119,1.0,2.3418049347840465e+23
NSE:ITCHOTELS-EQ,2025-03-20,183.24,0.81,0.1640471512770137,1.0,2.725971363181822e+23
NSE:BANKIETF-EQ,2025-03-21,51.36,0.61,0.1119548286604361,1.0,3.031157020080098e+23
NSE:FEDERALBNK-EQ,2025-03-21,187.3,0.61,0.0971703150026694,1.0,3.325695502543834e+23
NSE:BANKBARODA-EQ,2025-03-21,216.7,0.62,0.1872634979233963,1.0,3.9484768753783e+23
NSE:UNITDSPR-EQ,2025-03-24,1392.5,0.63,0.1556193895870736,1.0,4.5629364365233465e+23
NSE:HDFCLIFE-EQ,2025-03-26,668.4,0.66,0.0973967684021544,1.0,5.007351699865163e+23
NSE:CONFIPET-EQ,2025-03-28,46.92,0.74,0.2617220801364024,1.0,6.317886202728424e+23
NSE:SENCO-EQ,2025-03-28,272.35,0.62,0.4896273177896088,1.0,9.41129587827032e+23
NSE:RBA-EQ,2025-03-28,60.45,0.76,0.4392059553349875,1.0,1.3544793075426266e+24
NSE:RBA-EQ,2025-04-01,64.28,0.73,0.3534536403235843,1.0,1.8332249495365359e+24
NSE:COLPAL-EQ,2025-04-02,2364.6,0.61,0.1604499703966844,1.0,2.1273658384201364e+24
NSE:BANKIETF-EQ,2025-04-02,52.13,0.61,0.0955304047573373,0.0,2.3305939580313442e+24
NSE:UNOMINDA-EQ,2025-04-07,802.85,0.72,0.1906956467584231,1.0,2.775028080189405e+24
NSE:MPHASIS-EQ,2025-04-07,2102.2,0.64,0.2232898867852726,1.0,3.394663786040849e+24
NSE:ITI-EQ,2025-04-07,234.04,0.62,0.249316356178431,1.0,4.2410089916274306e+24
NSE:PARACABLES-EQ,2025-04-07,46.29,0.63,0.1944264419961114,1.0,5.065573280343069e+24
NSE:DCXINDIA-EQ,2025-04-07,217.12,0.63,0.3918570375829033,1.0,7.050553819637413e+24
NSE:RELIANCE-EQ,2025-04-07,1165.7,0.66,0.2348803294158016,1.0,8.706590223357687e+24
NSE:GOLDIETF-EQ,2025-04-07,76.33,0.75,0.1517096816454866,1.0,1.0027464254360987e+25
NSE:HDFCSILVER-EQ,2025-04-07,87.11,0.68,0.1222592124899552,1.0,1.1253414137370336e+25
NSE:KOTAKBANK-EQ,2025-04-07,2037.85,0.65,0.1295728341143853,1.0,1.2711550900612302e+25
NSE:KAJARIACER-EQ,2025-04-07,785.1,0.75,0.0941281365431155,1.0,1.3908065499459899e+25
NSE:DELTACORP-EQ,2025-04-07,79.03,0.86,0.2178919397697077,1.0,1.6938520869581364e+25
NSE:ASHOKLEY-EQ,2025-04-07,197.59,0.63,0.1792094741636722,1.0,1.997406428772943e+25
NSE:TANLA-EQ,2025-04-07,434.35,0.72,0.1809600552549787,1.0,2.358857206490344e+25
NSE:MAMATA-EQ,2025-04-07,333.2,0.63,0.18562424969988,1.0,2.7967183055942694e+25
NSE:FACT-EQ,2025-04-07,585.05,0.62,0.4116742158789848,1.0,3.948055121084193e+25
NSE:BHARATFORG-EQ,2025-04-07,951.6,0.62,0.2367591424968474,1.0,4.882793266082373e+25
NSE:NIFTYBEES-EQ,2025-04-07,249.1,0.65,0.1123645122440786,1.0,5.43144594981439e+25
NSE:SHRIRAMFIN-EQ,2025-04-07,614.0,0.72,0.1685667752442996,1.0,6.347007278488314e+25
NSE:PETRONET-EQ,2025-04-07,275.85,0.66,0.1609570418705817,1.0,7.368602794764845e+25
NSE:LT-EQ,2025-04-07,3068.5,0.62,0.1331269349845201,1.0,8.349562299950257e+25
NSE:BIOCON-EQ,2025-04-07,307.5,0.64,0.1382113821138211,1.0,9.503566845471837e+25
NSE:NORTHARC-EQ,2025-04-07,173.33,0.63,0.3361795419142674,1.0,1.2698471594134179e+26
NSE:ONEPOINT-BE,2025-04-07,41.89,0.75,0.6123179756505134,1.0,2.0473974014509964e+26
NSE:KAJARIACER-EQ,2025-04-08,788.4,0.69,0.1220826991374936,1.0,2.297349202427225e+26
NSE:HDFCSILVER-EQ,2025-04-08,87.91,0.74,0.1120464111022637,1.0,2.5547589356078433e+26
NSE:ABSLBANETF-EQ,2025-04-08,51.28,0.68,0.1216848673946958,1.0,2.8656344379126977e+26
NSE:BSE-EQ,2025-04-08,1846.07,0.7,0.2724327896558636,1.0,3.6463272219671666e+26
NSE:KOTAKBANK-EQ,2025-04-08,2055.15,0.62,0.1200642288884023,1.0,4.084120688147445e+26
NSE:BANKBEES-EQ,2025-04-08,518.63,0.62,0.1080924744037176,1.0,4.525583399092716e+26
NSE:HDFCGOLD-EQ,2025-04-09,77.24,0.61,0.113930605903677,1.0,5.041185857818971e+26
NSE:BANKBEES-EQ,2025-04-09,516.11,0.67,0.1135029354207437,1.0,5.613375250682965e+26
NSE:OPTIEMUS-EQ,2025-04-09,390.25,0.66,0.4322869955156951,1.0,8.039964372502866e+26
NSE:VEDL-EQ,2025-04-09,370.55,0.63,0.1882337066522736,1.0,9.553356667691302e+26
NSE:LXCHEM-EQ,2025-04-09,165.92,0.63,0.1708654773384765,1.0,1.1185695514901094e+27
NSE:UPL-EQ,2025-04-09,614.25,0.62,0.1387057387057387,1.0,1.2737215674232918e+27
NSE:KAJARIACER-EQ,2025-04-09,779.45,0.66,0.1349669638847904,1.0,1.4456319002129898e+27
NSE:ABSLBANETF-EQ,2025-04-09,51.06,0.62,0.1265178221699961,1.0,1.6285300998874103e+27
NSE:MAMATA-EQ,2025-04-09,338.85,0.63,0.1658550981260144,1.0,1.898630119405405e+27
NSE:SHAREINDIA-EQ,2025-04-09,146.97,0.62,0.1744573722528408,0.0,2.2298601409169696e+27
NSE:SRF-EQ,2025-04-09,2744.4,0.61,0.1290263809940241,1.0,2.517570925022311e+27
NSE:DAMCAPITAL-EQ,2025-04-09,200.99,0.69,0.1590128862132443,1.0,2.917897144056656e+27
NSE:WOCKPHARMA-EQ,2025-04-09,1200.2,0.65,0.2742876187302117,1.0,3.7182402033996415e+27
NSE:DELTACORP-EQ,2025-04-09,78.96,0.89,0.2189716312056738,1.0,4.5324293259525774e+27
NSE:TRITURBINE-EQ,2025-04-09,477.35,0.62,0.2125274955483396,1.0,5.495695179347127e+27
NSE:ZENSARTECH-EQ,2025-04-09,627.55,0.73,0.23217273524022,1.0,6.771645761182641e+27
NSE:DELHIVERY-EQ,2025-04-09,243.35,0.7,0.3166221491678651,1.0,8.915698795491754e+27
NSE:FACT-EQ,2025-04-09,596.85,0.71,0.4001005277707966,1.0,1.248287458901346e+28
NSE:AUROPHARMA-EQ,2025-04-09,1058.0,0.68,0.2085066162570887,1.0,1.5085636530730254e+28
NSE:BSE-EQ,2025-04-09,1849.45,0.61,0.3239990267376788,1.0,1.9973368084405233e+28
NSE:INDUSTOWER-EQ,2025-04-09,370.6,0.61,0.1373448461953588,1.0,2.2716607251961158e+28
NSE:SAILIFE-EQ,2025-04-09,640.25,0.72,0.2370167903162827,1.0,2.8100824589696585e+28
NSE:UNOMINDA-EQ,2025-04-09,814.8,0.66,0.1864261168384881,1.0,3.333955219791322e+28
NSE:GOLDIETF-EQ,2025-04-09,77.19,0.85,0.1388780930172302,1.0,3.7969685629207814e+28
NSE:IDEAFORGE-EQ,2025-04-09,326.05,0.61,0.6862444410366506,1.0,6.402617132016088e+28
NSE:NIFTYBEES-EQ,2025-04-11,255.97,0.61,0.0987615736219088,1.0,7.034949675272589e+28
NSE:BANKIETF-EQ,2025-04-11,51.73,0.61,0.1040015464913977,1.0,7.766595320990094e+28
NSE:DELHIVERY-EQ,2025-04-11,246.95,0.63,0.3231423365053655,1.0,1.0276311079706473e+29
NSE:SAILIFE-EQ,2025-04-11,669.5,0.76,0.1829723674383868,1.0,1.2156592046493691e+29
NSE:GOLDIETF-EQ,2025-04-11,80.28,0.78,0.0950423517688091,1.0,1.331198314408645e+29
NSE:ZENSARTECH-EQ,2025-04-11,633.45,0.88,0.2746073091798878,1.0,1.696755101513205e+29
NSE:DELTACORP-EQ,2025-04-11,78.99,0.82,0.2185086719837955,1.0,2.0675108054265855e+29
NSE:BHARTIARTL-EQ,2025-04-11,1756.6,0.81,0.0913127632927246,1.0,2.256300930207654e+29
NSE:LUPIN-EQ,2025-04-11,1969.25,0.65,0.0915323092547924,1.0,2.4628253647232967e+29
NSE:HDFCGOLD-EQ,2025-04-11,80.1,0.61,0.0741573033707866,1.0,2.64546185244435e+29
NSE:BHARTIARTL-EQ,2025-04-15,1798.8,0.74,0.0657104736490994,1.0,2.8192964037890923e+29
NSE:INDUSTOWER-EQ,2025-04-15,380.45,0.65,0.1078985412012091,1.0,3.12349437297175e+29
NSE:HDFCGOLD-EQ,2025-04-15,80.26,0.7,0.0720159481684525,1.0,3.348435781840137e+29
NSE:BSE-EQ,2025-04-15,1986.0,0.67,0.2458056394763343,1.0,4.1715001804407914e+29
NSE:GLENMARK-EQ,2025-04-15,1376.9,0.63,0.0616602512891276,1.0,4.4287159298194115e+29
NSE:SETFNIF50-EQ,2025-04-15,246.54,0.63,0.0870852599983775,1.0,4.8143918080266916e+29
NSE:BHARTIARTL-EQ,2025-04-16,1822.6,0.69,0.0517941402392187,1.0,5.0637490924981724e+29
NSE:HDFCBANK-EQ,2025-04-16,1878.0,0.62,0.053727369542066,1.0,5.335811011259122e+29
NSE:IGL-EQ,2025-04-16,176.53,0.68,0.1946977850790234,1.0,6.374681596751537e+29
NSE:IGL-EQ,2025-04-17,176.95,0.68,0.2103984176320995,1.0,7.715904517616525e+29
NSE:TVSMOTOR-EQ,2025-04-17,2679.3,0.62,0.0744970701302578,1.0,8.290716797583777e+29
NSE:BSE-EQ,2025-04-17,1977.0,0.69,0.2603287809812848,1.0,1.0449028994959825e+30
NSE:COROMANDEL-EQ,2025-04-22,2172.2,0.62,0.1573519933707762,1.0,1.2093204536105791e+30
NSE:NIFTYBEES-EQ,2025-04-23,271.82,0.63,0.0350231771024942,0.0,1.251674698031051e+30
NSE:NIFTYBEES-EQ,2025-04-25,268.63,0.66,0.0579235379518296,1.0,1.3241761249057977e+30
NSE:BLUESTARCO-EQ,2025-04-25,1739.2,0.61,0.0435832566697331,0.0,1.3818880328334997e+30
NSE:BHARTIARTL-EQ,2025-04-28,1821.8,0.69,0.0522560105390273,1.0,1.4540999884410028e+30
NSE:ASIANPAINT-EQ,2025-04-29,2451.1,0.64,0.0097507241646608,0.0,1.4682785163361275e+30
NSE:NIFTYBEES-EQ,2025-04-29,271.91,0.61,0.0451620021330586,0.0,1.5345889138228237e+30
NSE:NIFTYBEES-EQ,2025-04-30,271.99,0.68,0.0448545902422882,0.0,1.6034222707427044e+30
NSE:ITDCEM-EQ,2025-04-30,487.55,0.66,0.5280484052917649,1.0,2.4501068438176898e+30
NSE:VMM-EQ,2025-04-30,118.48,0.68,0.1225523295070897,1.0,2.7503731450688106e+30
NSE:SHAKTIPUMP-EQ,2025-04-30,840.75,0.69,0.095331549212013,1.0,3.012570477899337e+30
NSE:TVSMOTOR-EQ,2025-05-02,2713.8,0.62,0.0608372024467535,1.0,3.195846837948411e+30
NSE:NIFTYBEES-EQ,2025-05-02,272.05,0.63,0.0446241499724314,0.0,3.3384587865339416e+30
NSE:GABRIEL-EQ,2025-05-02,536.5,0.65,0.2861136999068033,1.0,4.293637581935544e+30
NSE:SHRIRAMFIN-EQ,2025-05-02,604.2,0.62,0.1319099635882157,1.0,4.860011159029656e+30
NSE:KRN-EQ,2025-05-02,702.95,0.78,0.1948929511345045,1.0,5.807193076359569e+30
NSE:ITDCEM-EQ,2025-05-02,481.15,0.68,0.5483736880390732,1.0,8.991704960797837e+30
NSE:NIFTYBEES-EQ,2025-05-05,274.39,0.71,0.0357155873027443,0.0,9.312848984325731e+30
NSE:LTF-EQ,2025-05-05,167.02,0.61,0.0777152436833911,0.0,1.0036599312529226e+31
NSE:GABRIEL-EQ,2025-05-05,546.3,0.62,0.2630422844590885,1.0,1.267664932389743e+31
NSE:NIFTYBEES-EQ,2025-05-06,272.6,0.72,0.0425165077035949,0.0,1.3215616182532687e+31
NSE:INDUSTOWER-EQ,2025-05-06,378.9,0.61,0.0750857746107153,1.0,1.4207920960556057e+31
NSE:ARE&M-EQ,2025-05-06,945.95,0.67,0.1565093292457317,1.0,1.643159314006906e+31
NSE:VMM-EQ,2025-05-07,118.59,0.61,0.1215110886246732,1.0,1.8428213910356566e+31
NSE:BLUESTARCO-EQ,2025-05-07,1677.7,0.62,0.016272277522799,0.0,1.8728082921355393e+31
NSE:NIFTYBEES-EQ,2025-05-07,272.79,0.64,0.0417903882107114,0.0,1.9510736777081228e+31
NSE:JISLJALEQS-EQ,2025-05-08,48.29,0.69,0.3209774280389315,1.0,2.5773242886933354e+31
NSE:NESTLEIND-EQ,2025-05-08,2340.7,0.64,0.0603665570128594,1.0,2.7329084823073687e+31
NSE:HUBTOWN-EQ,2025-05-08,166.45,0.66,0.1739261039351157,1.0,3.2082326070463194e+31
NSE:EIEL-EQ,2025-05-08,193.58,0.68,0.3885731997107139,1.0,4.454865816582553e+31
NSE:BANKBARODA-EQ,2025-05-08,217.27,0.65,0.1870023473097987,1.0,5.2879361812336745e+31
NSE:MOMENTUM50-EQ,2025-05-08,49.11,0.68,0.09529627367135,1.0,5.791856794717152e+31
NSE:VMM-EQ,2025-05-08,119.19,0.63,0.1158654249517577,1.0,6.46293274349678e+31
NSE:SHAREINDIA-EQ,2025-05-08,145.07,0.81,0.3028193285999863,1.0,8.420033697669342e+31
NSE:NIFTYBEES-EQ,2025-05-08,271.04,0.71,0.0485168240850058,0.0,8.828546991368987e+31
NSE:NIFTYBEES-EQ,2025-05-09,268.49,0.72,0.0584751759842079,1.0,9.344797830374138e+31
NSE:HDFCBANK-EQ,2025-05-09,1889.7,0.65,0.0564110705402973,1.0,9.871947879968192e+31
NSE:NIACL-EQ,2025-05-09,160.36,0.62,0.2079072087802442,1.0,1.192439700891643e+32
NSE:WOCKPHARMA-EQ,2025-05-09,1224.3,0.64,0.3003348852405457,1.0,1.550570941615205e+32
NSE:HEG-EQ,2025-05-09,424.9,0.71,0.2965403624382208,1.0,2.0103778106279514e+32
NSE:GRAPHITE-EQ,2025-05-09,436.85,0.67,0.3567586127961543,1.0,2.7275974095437493e+32
NSE:FEDERALBNK-EQ,2025-05-09,187.38,0.63,0.1390756750987298,1.0,3.106939860673593e+32
NSE:EIEL-EQ,2025-05-09,192.7,0.76,0.3949143746756618,1.0,4.333915072906393e+32
NSE:SPIC-EQ,2025-05-09,73.58,0.62,0.2299537917912476,1.0,5.330515277222459e+32
NSE:ABSLBANETF-EQ,2025-05-09,54.24,0.61,0.0766961651917403,1.0,5.739345357481409e+32
NSE:GICRE-EQ,2025-05-09,394.4,0.66,0.1328600405679514,1.0,6.501875014509873e+32
NSE:ABCAPITAL-EQ,2025-05-09,193.17,0.65,0.2111611533882074,1.0,7.874818441759746e+32
NSE:MAMATA-EQ,2025-05-09,338.85,0.63,0.3992917220008852,1.0,1.1019168257814322e+33
NSE:IFCI-EQ,2025-05-09,39.24,0.75,0.8985728848114168,1.0,2.092069406746093e+33
NSE:SHAREINDIA-EQ,2025-05-09,146.59,0.71,0.2893103213043181,1.0,2.6973266790027397e+33
NSE:BALUFORGE-BE,2025-05-09,512.2,0.62,0.4369386958219444,1.0,3.875893080331933e+33
NSE:MOBIKWIK-EQ,2025-05-09,231.0,0.65,0.244155844155844,1.0,4.822215027218171e+33
NSE:JTLIND-EQ,2025-05-09,60.35,0.77,0.2178956089478044,1.0,5.872954507051128e+33
NSE:BAJAJFINSV-EQ,2025-05-09,1970.0,0.68,0.0512690355329949,1.0,6.174055220356796e+33
NSE:KTKBANK-EQ,2025-05-09,188.84,0.63,0.1051683965261596,1.0,6.823370707945685e+33
NSE:TVSMOTOR-EQ,2025-05-09,2663.7,0.65,0.0807898787400984,1.0,7.374630000039357e+33
NSE:KIRLOSENG-EQ,2025-05-09,669.85,0.61,0.377920429947003,1.0,1.0161653340354296e+34
NSE:QUADFUTURE-EQ,2025-05-09,438.3,0.62,0.1133926534337211,1.0,1.1313910175890705e+34
NSE:ITCHOTELS-EQ,2025-05-09,182.95,0.93,0.2171084995900519,1.0,1.3770256238674955e+34
NSE:RVNL-EQ,2025-05-09,323.1,0.77,0.3859486227174248,1.0,1.908486766845758e+34
NSE:INDIGO-EQ,2025-05-09,5101.0,0.65,0.1106645755734169,1.0,2.1196886448862263e+34
NSE:BANKIETF-EQ,2025-05-09,54.36,0.62,0.0752391464311994,1.0,2.2791722092273717e+34
NSE:HUBTOWN-EQ,2025-05-09,166.38,0.72,0.2982329606923909,1.0,2.9588964851130686e+34
NSE:M&MFIN-EQ,2025-05-09,237.65,0.7,0.1706290763728171,1.0,3.4637702594506864e+34
NSE:QUICKHEAL-EQ,2025-05-09,255.65,0.64,0.5053784470956386,1.0,5.214285094267932e+34
NSE:BANKBEES-EQ,2025-05-09,549.13,0.63,0.0605867463077959,1.0,5.530201662450864e+34
NSE:GSPL-EQ,2025-05-12,329.85,0.63,0.0932241928149158,1.0,6.045750248536551e+34
NSE:VMM-EQ,2025-05-12,121.72,0.7,0.1058166283273085,1.0,6.685491155545677e+34
NSE:JTLIND-EQ,2025-05-12,63.62,0.65,0.2276013832128261,1.0,8.207118190004987e+34
NSE:MARINE-BE,2025-05-12,194.64,0.61,0.2607891491985205,1.0,1.034744556014809e+35
NSE:APTUS-EQ,2025-05-12,322.25,0.63,0.082389449185415,0.0,1.1199965900324757e+35
NSE:ITCHOTELS-EQ,2025-05-13,198.35,0.72,0.1293168641290648,1.0,1.264831036890721e+35
NSE:ADANIPORTS-EQ,2025-05-14,1371.8,0.69,0.0890800408222773,1.0,1.37750223729023e+35
NSE:SETFGOLD-EQ,2025-05-14,81.08,0.69,0.1840157868771584,1.0,1.6309843954102378e+35
NSE:ITCHOTELS-EQ,2025-05-14,201.94,0.78,0.112558185599683,1.0,1.81456503969901e+35
NSE:HDFCGOLD-EQ,2025-05-14,81.13,0.73,0.0595340811044003,1.0,1.9225935019416603e+35
NSE:NIACL-EQ,2025-05-14,172.64,0.61,0.2076575532900835,1.0,2.321834564526279e+35
NSE:RAYMOND-EQ,2025-05-14,551.2,0.72,0.2755805515239476,1.0,2.9616870143657954e+35
NSE:HONASA-EQ,2025-05-14,256.17,0.61,0.3046024124604753,1.0,3.8638240238944796e+35
NSE:ZENTEC-EQ,2025-05-15,1709.4,0.62,0.3267813267813267,1.0,5.126449564872282e+35
NSE:DAMCAPITAL-EQ,2025-05-15,204.08,0.67,0.4871618972951783,1.0,7.623860461283504e+35
NSE:GOLDIETF-EQ,2025-05-15,79.73,0.84,0.0781387181738365,1.0,8.219579145264391e+35
NSE:ITCHOTELS-EQ,2025-05-15,201.07,0.73,0.1173720594817725,1.0,9.184328077617499e+35
NSE:HDFCGOLD-EQ,2025-05-15,79.52,0.77,0.0809859154929577,1.0,9.928129295171029e+35
NSE:GOLDIETF-EQ,2025-05-16,80.22,0.69,0.0957367240089754,1.0,1.0878615869428241e+36
NSE:ITCHOTELS-EQ,2025-05-16,202.77,0.76,0.1080041426246485,1.0,1.2053551449348734e+36
NSE:HDFCGOLD-EQ,2025-05-16,80.25,0.68,0.0737694704049844,1.0,1.2942735556266423e+36
NSE:SURYAROSNI-EQ,2025-05-16,292.45,0.63,0.1950760813814327,1.0,1.5467553690939015e+36
NSE:SETFGOLD-EQ,2025-05-16,80.14,0.66,0.197903668579985,1.0,1.8528639310333735e+36
NSE:NH-EQ,2025-05-19,1752.4,0.63,0.1167541657155899,1.0,2.0691935134856834e+36
NSE:GOLDIETF-EQ,2025-05-19,81.02,0.92,0.0924463095531968,1.0,2.2604828175588478e+36
NSE:HDFCGOLD-EQ,2025-05-19,80.8,0.77,0.0879950495049504,1.0,2.4593941149950283e+36
NSE:HONASA-EQ,2025-05-19,268.06,0.61,0.2467358054166977,1.0,3.066214702795413e+36
NSE:MFSL-EQ,2025-05-19,1390.9,0.62,0.1408440578042992,1.0,3.4980728236363224e+36
NSE:MARKSANS-EQ,2025-05-20,236.78,0.65,0.1432553425120364,1.0,3.9991904441183904e+36
NSE:HDFCGOLD-EQ,2025-05-20,80.51,0.83,0.0919140479443546,1.0,4.3667722263376927e+36
NSE:SETFGOLD-EQ,2025-05-20,80.63,0.66,0.1906238372814089,1.0,5.199183104656065e+36
NSE:ITCHOTELS-EQ,2025-05-20,200.36,0.76,0.1213316031143939,1.0,5.830008325629257e+36
NSE:GOLDIETF-EQ,2025-05-20,80.74,0.82,0.0962348278424574,1.0,6.391058173166281e+36
NSE:MFSL-EQ,2025-05-20,1377.4,0.61,0.1576883984318279,1.0,7.398853900777516e+36
NSE:RCF-EQ,2025-05-21,150.13,0.7,0.1090388330113901,1.0,8.205616295740068e+36
NSE:ITCHOTELS-EQ,2025-05-21,204.61,0.76,0.0980401739895409,1.0,9.010096345065835e+36
NSE:HONASA-EQ,2025-05-21,270.43,0.61,0.2358096365048256,1.0,1.1134763889069269e+37
NSE:SURYAROSNI-EQ,2025-05-21,297.6,0.62,0.1743951612903224,1.0,1.3076612833433162e+37
NSE:GOLDIETF-EQ,2025-05-21,82.15,0.95,0.0774193548387096,1.0,1.4088995762473147e+37
NSE:HDFCGOLD-EQ,2025-05-21,82.09,0.76,0.0708977951029357,1.0,1.5087874497247098e+37
NSE:GOLDIETF-EQ,2025-05-22,82.36,0.89,0.0746721709567752,1.0,1.6214518841079902e+37
NSE:TANLA-EQ,2025-05-22,562.15,0.62,0.2589166592546474,1.0,2.0412727890833848e+37
NSE:SETFGOLD-EQ,2025-05-22,82.28,0.63,0.1667476908118619,1.0,2.381650312980128e+37
NSE:HDFCGOLD-EQ,2025-05-22,82.39,0.81,0.066998422138609,1.0,2.541217126035721e+37
NSE:BLUESTARCO-EQ,2025-05-22,1558.9,0.63,0.0775546859965359,1.0,2.738300422294441e+37
NSE:HONASA-EQ,2025-05-22,275.16,0.62,0.2145660706498036,1.0,3.325846784164857e+37
NSE:SURYAROSNI-EQ,2025-05-23,326.85,0.63,0.070215695273061,1.0,3.5593734284866666e+37
NSE:BHARTIARTL-EQ,2025-05-23,1831.7,0.62,0.0640388709941584,1.0,3.7873116842935595e+37
NSE:MON100-EQ,2025-05-23,177.32,0.61,0.0514324385292127,1.0,3.982102359686957e+37
NSE:GOLDIETF-EQ,2025-05-23,82.06,0.9,0.0786010236412381,1.0,4.295099681402541e+37
NSE:HDFCGOLD-EQ,2025-05-23,82.15,0.88,0.0701156421180765,1.0,4.596253353525226e+37
NSE:ABSLBANETF-EQ,2025-05-23,56.16,0.61,0.0582264957264957,1.0,4.863877079772154e+37
NSE:INDUSTOWER-EQ,2025-05-23,383.6,0.65,0.05774244004171,1.0,5.144729210421145e+37
NSE:SETFGOLD-EQ,2025-05-26,82.17,0.68,0.0707070707070707,1.0,5.508497942471125e+37
NSE:GOLDIETF-EQ,2025-05-26,82.46,0.75,0.0733689061363086,1.0,5.912650410964337e+37
NSE:HDFCGOLD-EQ,2025-05-26,82.4,0.66,0.0668689320388348,1.0,6.308023029464499e+37
NSE:NIFTYBEES-EQ,2025-05-26,279.89,0.61,0.0107184965522169,0.0,6.37563555255712e+37
NSE:KRBL-EQ,2025-05-26,364.25,0.63,0.0542210020590253,0.0,6.721328900979914e+37
NSE:WOCKPHARMA-EQ,2025-05-26,1334.6,0.63,0.4002697437434437,1.0,9.411673497790547e+37
NSE:ABSLBANETF-EQ,2025-05-26,56.37,0.61,0.0542841937200639,1.0,9.922578605174601e+37
NSE:HDFCGOLD-EQ,2025-05-27,82.0,0.83,0.0720731707317072,1.0,1.0637730307084136e+38
NSE:GOLDIETF-EQ,2025-05-27,82.05,0.86,0.0787324801950031,1.0,1.1475265197806422e+38
NSE:BLUESTARCO-EQ,2025-05-27,1551.3,0.64,0.0828337523367498,1.0,1.2425804473200042e+38
NSE:SURYAROSNI-EQ,2025-05-27,324.4,0.74,0.0782983970406906,1.0,1.3398725045392648e+38
NSE:INDIGO-EQ,2025-05-27,5313.5,0.71,0.0781970452620683,1.0,1.4446465754221227e+38
NSE:SETFGOLD-EQ,2025-05-27,81.94,0.65,0.0737124725408836,1.0,1.5511350464442073e+38
NSE:WOCKPHARMA-EQ,2025-05-27,1351.8,0.63,0.3824530255955023,1.0,2.1443713380640142e+38
NSE:REDINGTON-EQ,2025-05-27,261.04,0.63,0.1873659209316578,1.0,2.5461534486398296e+38
NSE:MFSL-EQ,2025-05-27,1484.1,0.61,0.093322552388653,1.0,2.7837669872400693e+38
NSE:CDSL-EQ,2025-05-27,1465.8,0.62,0.2477145586028108,1.0,3.4733465977373196e+38
NSE:SETFGOLD-EQ,2025-05-28,82.53,0.64,0.06603659275415,1.0,3.702714572506111e+38
NSE:KOTAKBANK-EQ,2025-05-28,2074.3,0.61,0.0767969917562549,1.0,3.987071913006628e+38
NSE:HDFCGOLD-EQ,2025-05-28,82.58,0.85,0.0645434729958827,1.0,4.244411381356414e+38
NSE:APOLLO-EQ,2025-05-28,177.31,0.63,0.2485477412441486,1.0,5.299350243103507e+38
NSE:BHARTIARTL-EQ,2025-05-28,1856.1,0.83,0.0613652281665859,1.0,5.624546079906206e+38
NSE:SURYAROSNI-EQ,2025-05-28,330.95,0.63,0.084756005438888,1.0,6.101260138046013e+38
NSE:UNITDSPR-EQ,2025-05-28,1522.7,0.74,0.0803178564392197,0.0,6.591300273911927e+38
NSE:WOCKPHARMA-EQ,2025-05-28,1337.1,0.64,0.3976516341335727,1.0,9.21234159889807e+38
NSE:INDIGO-EQ,2025-05-28,5330.5,0.79,0.0747584654347622,1.0,9.901042119892513e+38
NSE:ITCHOTELS-EQ,2025-05-28,207.0,0.64,0.0853623188405796,1.0,1.0746218034184785e+39
NSE:GLENMARK-EQ,2025-05-29,1406.4,0.62,0.2397610921501705,1.0,1.3322743006544789e+39
NSE:WOCKPHARMA-EQ,2025-05-29,1346.8,0.69,0.3875853875853876,1.0,1.8486443518436963e+39
NSE:GOLDIETF-EQ,2025-05-29,81.67,0.67,0.0837516836047508,1.0,2.003471428697019e+39
NSE:SURYAROSNI-EQ,2025-05-29,333.25,0.67,0.0772693173293323,1.0,2.15827829828126e+39
NSE:DEEPAKFERT-EQ,2025-05-29,1519.5,0.62,0.0773280684435669,0.0,2.325173790251018e+39
NSE:SETFGOLD-EQ,2025-05-29,81.58,0.69,0.0784506006374112,1.0,2.5075850706825767e+39
NSE:BLUESTARCO-EQ,2025-05-29,1551.1,0.66,0.0829733737347689,1.0,2.715647863924049e+39
NSE:UNITDSPR-EQ,2025-05-29,1522.6,0.8,0.0803888086168396,0.0,2.9339555603277684e+39
NSE:ITCHOTELS-EQ,2025-05-29,206.64,0.75,0.0956252419667054,1.0,3.214515770703672e+39
NSE:BHARTIARTL-EQ,2025-05-29,1863.6,0.87,0.0830650354153252,1.0,3.4815296370402946e+39
NSE:INDIGO-EQ,2025-05-29,5322.0,0.76,0.0764750093949643,1.0,3.7477796487417976e+39
NSE:BANKIETF-EQ,2025-05-29,56.48,0.62,0.0493980169971672,0.0,3.9329125315319824e+39
NSE:SURYAROSNI-EQ,2025-05-30,330.25,0.66,0.0870552611657834,1.0,4.275293259106681e+39
NSE:GOLDIETF-EQ,2025-05-30,82.26,0.87,0.0759786044249939,1.0,4.6001240744411906e+39
NSE:BHARTIARTL-EQ,2025-05-30,1856.2,0.88,0.0984807671587113,1.0,5.053147822317416e+39
NSE:HDFCGOLD-EQ,2025-05-30,82.17,0.82,0.0698551782889131,1.0,5.4061363643656326e+39
NSE:SETFGOLD-EQ,2025-05-30,82.02,0.68,0.0726652036088759,1.0,5.79897436401961e+39
NSE:MON100-EQ,2025-05-30,179.04,0.62,0.0583668453976765,1.0,6.137442204189431e+39
NSE:SRF-EQ,2025-05-30,2861.0,0.65,0.1144005592450192,1.0,6.839569024682686e+39
NSE:UNITDSPR-EQ,2025-05-30,1520.1,0.65,0.0821656469969081,0.0,7.40154663877575e+39
NSE:CAMLINFINE-BE,2025-05-30,232.4,0.62,0.4341652323580035,1.0,1.0615040855008423e+40
NSE:INDIGO-EQ,2025-05-30,5330.0,0.73,0.0963414634146341,1.0,1.1637709425186062e+40
NSE:INDUSTOWER-EQ,2025-05-30,384.15,0.63,0.0982689053755043,1.0,1.2781334391477285e+40
NSE:GODREJCP-EQ,2025-05-30,1231.4,0.63,0.0567646581127171,0.0,1.3506862468433805e+40
NSE:MID150BEES-EQ,2025-05-30,217.61,0.67,0.0477000137861311,0.0,1.4151139994385475e+40
NSE:GOLDIETF-EQ,2025-06-02,83.13,0.76,0.0647179117045592,1.0,1.5066972223060972e+40
NSE:MID150BEES-EQ,2025-06-02,218.67,0.61,0.0426213015045503,0.0,1.5709146188940738e+40
NSE:INDUSTOWER-EQ,2025-06-02,382.5,0.72,0.1058823529411764,1.0,1.7372467550122696e+40
NSE:BHARTIARTL-EQ,2025-06-02,1854.1,0.89,0.0997249339302087,1.0,1.9104935728763377e+40
NSE:HDFCGOLD-EQ,2025-06-02,83.1,0.84,0.0578820697954272,1.0,2.021076895205281e+40
NSE:INDIGO-EQ,2025-06-02,5333.0,0.77,0.1245077817363585,1.0,2.272716696145897e+40
NSE:SURYAROSNI-EQ,2025-06-02,332.0,0.72,0.0813253012048192,1.0,2.457546066013184e+40
NSE:COROMANDEL-EQ,2025-06-02,2283.4,0.64,0.1158798283261802,0.0,2.742326082246471e+40
NSE:UNITDSPR-EQ,2025-06-02,1549.2,0.61,0.0618383681900335,0.0,2.91190705221756e+40
NSE:CAMLINFINE-BE,2025-06-02,242.44,0.64,0.3747731397459166,1.0,4.003211600825412e+40
NSE:ITCHOTELS-EQ,2025-06-03,214.24,0.63,0.0607262882748319,1.0,4.2463117825222872e+40
NSE:GOLDIETF-EQ,2025-06-03,83.71,0.64,0.0573408194958787,1.0,4.489798779967121e+40
NSE:SURYAROSNI-EQ,2025-06-03,335.65,0.67,0.0695665127364815,1.0,4.802138423977943e+40
NSE:BLUESTARCO-EQ,2025-06-03,1543.2,0.65,0.1113919129082425,1.0,5.337057809075019e+40
NSE:INDUSTOWER-EQ,2025-06-03,380.85,0.7,0.1196008927399237,1.0,5.975374687644973e+40
NSE:HDFCGOLD-EQ,2025-06-03,83.57,0.79,0.0519325116668661,1.0,6.285690903324991e+40
NSE:CAMLINFINE-BE,2025-06-03,242.51,0.65,0.3743763143787886,1.0,8.638904697036079e+40
NSE:BAJAJFINSV-EQ,2025-06-04,1956.1,0.7,0.0574612749859414,1.0,9.13530717540981e+40
NSE:SURYAROSNI-EQ,2025-06-04,333.05,0.71,0.0779162287944752,1.0,9.847095859396852e+40
NSE:DCXINDIA-EQ,2025-06-04,308.65,0.69,0.0659322857605703,0.0,1.0496337397510333e+41
NSE:GODREJCP-EQ,2025-06-04,1227.2,0.61,0.0059485006518904,0.0,1.0558774867361886e+41
NSE:SILVERADD-EQ,2025-06-04,98.79,0.66,0.164085433748355,1.0,1.229131602132419e+41
NSE:INDUSTOWER-EQ,2025-06-04,383.35,0.67,0.1122994652406415,1.0,1.3671624237622626e+41
NSE:JIOFIN-EQ,2025-06-04,290.35,0.63,0.1431031513690372,1.0,1.5628076750359735e+41
NSE:SILVERBEES-EQ,2025-06-04,98.1,0.7,0.0856269113149847,1.0,1.6966260692286564e+41
NSE:GOLDIETF-EQ,2025-06-04,83.87,0.64,0.0553237152736377,1.0,1.7904897268084937e+41
NSE:JTLIND-EQ,2025-06-04,64.92,0.68,0.273875539125077,1.0,2.2808610660360817e+41
NSE:SETFGOLD-EQ,2025-06-04,83.82,0.65,0.0496301598663804,0.0,2.3940605653764552e+41
NSE:NIFTYBEES-EQ,2025-06-04,276.46,0.61,0.0467698762931346,0.0,2.5060304818573837e+41
NSE:BLUESTARCO-EQ,2025-06-05,1585.0,0.67,0.1660567823343849,1.0,2.9221738401065087e+41
NSE:INDUSTOWER-EQ,2025-06-05,384.4,0.69,0.1186264308012487,1.0,3.268820892939123e+41
NSE:TVSMOTOR-EQ,2025-06-05,2717.6,0.76,0.0893067412422727,1.0,3.5607486345921724e+41
NSE:CAMLINFINE-BE,2025-06-05,253.08,0.68,0.3169748696064485,1.0,4.689416468743366e+41
NSE:HDFCSILVER-EQ,2025-06-05,100.78,0.67,0.0610240127009327,1.0,4.975583478891924e+41
NSE:LAURUSLABS-EQ,2025-06-05,640.65,0.61,0.1932412393662687,1.0,5.937071396923329e+41
NSE:ABSLBANETF-EQ,2025-06-05,56.6,0.69,0.0611307420494699,1.0,6.3000089770179355e+41
NSE:HAVELLS-EQ,2025-06-05,1488.0,0.62,0.0745967741935483,1.0,6.7699693240938696e+41
NSE:ITCHOTELS-EQ,2025-06-05,212.99,0.63,0.0669515000704258,1.0,7.22322892577272e+41
NSE:NAVA-EQ,2025-06-05,530.75,0.65,0.1643900141309467,1.0,8.410655630951561e+41
NSE:SILVERADD-EQ,2025-06-05,101.66,0.61,0.1312217194570136,1.0,9.514316324605838e+41
NSE:SILVERBEES-EQ,2025-06-05,100.72,0.67,0.0573868149324861,1.0,1.0060312634735125e+42
NSE:GODREJCP-EQ,2025-06-06,1210.1,0.61,0.0197504338484423,0.0,1.0259008173922108e+42
NSE:BHARTIARTL-EQ,2025-06-06,1870.2,0.83,0.0938937012084268,1.0,1.122226442209916e+42
NSE:BLUESTARCO-EQ,2025-06-06,1589.2,0.65,0.1816008054366976,1.0,1.3260236679975962e+42
NSE:CAMLINFINE-BE,2025-06-06,264.87,0.69,0.2583531543776192,1.0,1.668606065404156e+42
NSE:COROMANDEL-EQ,2025-06-06,2298.3,0.61,0.1086455206021841,0.0,1.8498926400599526e+42
NSE:SILVERADD-EQ,2025-06-06,102.94,0.66,0.1171556246357101,1.0,2.0666179678151793e+42
NSE:NAVA-EQ,2025-06-09,528.85,0.64,0.1812423182376855,1.0,2.4411765992136567e+42
NSE:GOLDIETF-EQ,2025-06-09,83.04,0.7,0.0658718689788053,1.0,2.6019814643111843e+42
NSE:INDIANB-EQ,2025-06-09,651.8,0.61,0.0094354096348574,0.0,2.6265322252892666e+42
NSE:BLUESTARCO-EQ,2025-06-09,1569.4,0.73,0.1965082197017967,1.0,3.1426673968702584e+42
NSE:MOIL-EQ,2025-06-09,390.8,0.62,0.0378710337768679,0.0,3.2616834600065934e+42
NSE:ITDCEM-EQ,2025-06-09,759.2,0.62,0.2434141201264488,1.0,4.0556232695550895e+42
NSE:MUTHOOTFIN-EQ,2025-06-09,2539.9,0.69,0.0597267608960982,1.0,4.2978525108604585e+42
NSE:GODREJCP-EQ,2025-06-09,1217.6,0.77,0.0445959264126151,0.0,4.489519225167064e+42
NSE:BHARTIARTL-EQ,2025-06-09,1865.1,0.8,0.096884885528926,1.0,4.9244857813772874e+42
NSE:WOCKPHARMA-EQ,2025-06-09,1510.0,0.66,0.237615894039735,1.0,6.094621873005214e+42
NSE:INDIACEM-EQ,2025-06-09,342.4,0.65,0.0280373831775701,0.0,6.265499121781062e+42
NSE:MUTHOOTFIN-EQ,2025-06-10,2553.6,0.84,0.0540413533834586,1.0,6.604095173944981e+42
NSE:NAVA-EQ,2025-06-10,521.5,0.61,0.1978906999041228,1.0,7.910984190150392e+42
NSE:BHARTIARTL-EQ,2025-06-10,1857.1,0.87,0.1016100371547036,1.0,8.714819587641846e+42
NSE:GODREJCP-EQ,2025-06-10,1213.9,0.72,0.0561001729961281,0.0,9.203722474138599e+42
NSE:HDFCGOLD-EQ,2025-06-10,83.09,0.85,0.0580093874112407,1.0,9.737624776766447e+42
NSE:GOLDIETF-EQ,2025-06-10,83.29,0.72,0.0626725897466682,1.0,1.0347906939507722e+43
NSE:BHARTIARTL-EQ,2025-06-11,1860.2,0.87,0.0997742178260401,1.0,1.1380361260533758e+43
NSE:INDUSTOWER-EQ,2025-06-11,387.9,0.61,0.108533127094612,0.0,1.2615507455605865e+43
NSE:GOLDIETF-EQ,2025-06-11,83.45,0.67,0.0606351108448172,1.0,1.3380450148540144e+43
NSE:GODREJCP-EQ,2025-06-11,1223.8,0.73,0.0688020918450727,0.0,1.430105310858842e+43
NSE:MUTHOOTFIN-EQ,2025-06-11,2538.6,0.75,0.0602694398487355,1.0,1.5162969568690063e+43
NSE:HDFCGOLD-EQ,2025-06-11,83.41,0.83,0.0539503656635895,1.0,1.5981017321466772e+43
NSE:SETFGOLD-EQ,2025-06-11,83.23,0.65,0.0570707677520124,0.0,1.689306624946109e+43
NSE:GODREJCP-EQ,2025-06-12,1203.9,0.65,0.0864689758285571,0.0,1.8353792386655955e+43
NSE:GSPL-EQ,2025-06-12,331.45,0.74,0.0357519987931815,0.0,1.9009977149913985e+43
NSE:MUTHOOTFIN-EQ,2025-06-12,2555.0,0.75,0.053463796477495,1.0,2.002632269929882e+43
NSE:HCLTECH-EQ,2025-06-12,1701.2,0.65,0.0301551845755936,0.0,2.0630220156666574e+43
NSE:INDUSTOWER-EQ,2025-06-12,382.75,0.65,0.1234487263226649,1.0,2.3176994558763234e+43
NSE:ITDCEM-EQ,2025-06-12,762.05,0.61,0.2387638606390657,1.0,2.871082325762416e+43
NSE:ITCHOTELS-EQ,2025-06-12,213.04,0.73,0.1030792339466767,1.0,3.1670312924998486e+43
NSE:ABSLBANETF-EQ,2025-06-13,56.32,0.61,0.06640625,1.0,3.3773419642674165e+43
NSE:COLPAL-EQ,2025-06-13,2371.2,0.68,0.0509024966261809,1.0,3.549257102208998e+43
NSE:GSPL-EQ,2025-06-13,330.45,0.67,0.0388863670752005,0.0,3.687274816729759e+43
NSE:RAYMOND-EQ,2025-06-13,591.45,0.67,0.3253867613492263,1.0,4.887065227550017e+43
NSE:HINDPETRO-EQ,2025-06-13,386.25,0.61,0.1785113268608414,1.0,5.759461725775451e+43
NSE:INDIGO-EQ,2025-06-13,5262.0,0.64,0.1436716077537058,1.0,6.586932851713543e+43
NSE:INDUSTOWER-EQ,2025-06-13,380.35,0.67,0.1305376626791112,1.0,7.446775670400482e+43
NSE:BHARTIARTL-EQ,2025-06-13,1840.4,0.66,0.11160617257118,1.0,8.277881800970063e+43
NSE:ITCHOTELS-EQ,2025-06-13,213.7,0.69,0.1022461394478241,1.0,9.124263257924652e+43
