timestamp,open,high,low,close,volume,symbol,ema20,ema50
2024-07-01 05:30:00+05:30,23992.95,24164.0,23992.7,24141.95,0,NSE:NIFTY50-INDEX,24141.95,24141.95
2024-07-02 05:30:00+05:30,24228.75,24236.35,24056.4,24123.85,0,NSE:NIFTY50-INDEX,24140.22619047619,24141.240196078434
2024-07-03 05:30:00+05:30,24291.75,24309.15,24207.1,24286.5,0,NSE:NIFTY50-INDEX,24154.157029478458,24146.936658977316
2024-07-04 05:30:00+05:30,24369.95,24401.0,24281.0,24302.15,0,NSE:NIFTY50-INDEX,24168.251598099556,24153.023456664483
2024-07-05 05:30:00+05:30,24213.35,24363.0,24168.85,24323.85,0,NSE:NIFTY50-INDEX,24183.070493518644,24159.72253679529
2024-07-08 05:30:00+05:30,24329.45,24344.6,24240.55,24320.55,0,NSE:NIFTY50-INDEX,24196.1637798502,24166.029496136653
2024-07-09 05:30:00+05:30,24351.0,24443.6,24331.9,24433.2,0,NSE:NIFTY50-INDEX,24218.738657959708,24176.50677079796
2024-07-10 05:30:00+05:30,24459.85,24461.05,24141.8,24324.45,0,NSE:NIFTY50-INDEX,24228.806404820687,24182.30846606079
2024-07-11 05:30:00+05:30,24396.55,24402.65,24193.75,24315.95,0,NSE:NIFTY50-INDEX,24237.105794837764,24187.549310528993
2024-07-12 05:30:00+05:30,24387.95,24592.2,24331.15,24502.15,0,NSE:NIFTY50-INDEX,24262.34810009131,24199.886592469036
2024-07-15 05:30:00+05:30,24587.6,24635.05,24522.75,24586.7,0,NSE:NIFTY50-INDEX,24293.23875722547,24215.055745705547
2024-07-16 05:30:00+05:30,24615.9,24661.25,24587.65,24613.0,0,NSE:NIFTY50-INDEX,24323.69220891828,24230.661402736703
2024-07-18 05:30:00+05:30,24543.8,24837.75,24504.45,24800.85,0,NSE:NIFTY50-INDEX,24369.13580806892,24253.021739884283
2024-07-19 05:30:00+05:30,24853.8,24854.8,24508.15,24530.9,0,NSE:NIFTY50-INDEX,24384.541921586166,24263.91892655549
2024-07-22 05:30:00+05:30,24445.75,24595.2,24362.3,24509.25,0,NSE:NIFTY50-INDEX,24396.418881435104,24273.539752965076
2024-07-23 05:30:00+05:30,24568.9,24582.55,24074.2,24479.05,0,NSE:NIFTY50-INDEX,24404.288511774615,24281.598978338996
2024-07-24 05:30:00+05:30,24444.95,24504.25,24307.25,24413.5,0,NSE:NIFTY50-INDEX,24405.16579636751,24286.77156742374
2024-07-25 05:30:00+05:30,24230.95,24426.15,24210.8,24406.1,0,NSE:NIFTY50-INDEX,24405.254768142033,24291.45111379928
2024-07-26 05:30:00+05:30,24423.35,24861.15,24410.9,24834.85,0,NSE:NIFTY50-INDEX,24446.168599747554,24312.760874042448
2024-07-29 05:30:00+05:30,24943.3,24999.75,24774.6,24836.1,0,NSE:NIFTY50-INDEX,24483.30492358112,24333.283977021176
2024-07-30 05:30:00+05:30,24839.4,24971.75,24798.65,24857.3,0,NSE:NIFTY50-INDEX,24518.92350228768,24353.83362498113
2024-07-31 05:30:00+05:30,24886.7,24984.6,24856.5,24951.15,0,NSE:NIFTY50-INDEX,24560.08793064123,24377.257796550497
2024-08-01 05:30:00+05:30,25030.95,25078.3,24956.4,25010.9,0,NSE:NIFTY50-INDEX,24603.022413437306,24402.10651041126
2024-08-02 05:30:00+05:30,24789.0,24851.9,24686.85,24717.7,0,NSE:NIFTY50-INDEX,24613.94408834804,24414.482725689253
2024-08-05 05:30:00+05:30,24302.85,24350.05,23893.7,24055.6,0,NSE:NIFTY50-INDEX,24560.76846088632,24400.408893309283
2024-08-06 05:30:00+05:30,24189.85,24382.6,23960.4,23992.55,0,NSE:NIFTY50-INDEX,24506.652416992383,24384.414426904998
2024-08-07 05:30:00+05:30,24289.4,24337.7,24184.9,24297.5,0,NSE:NIFTY50-INDEX,24486.733139183583,24381.006018006763
2024-08-08 05:30:00+05:30,24248.55,24340.5,24079.7,24117.0,0,NSE:NIFTY50-INDEX,24451.520459261337,24370.65284083003
2024-08-09 05:30:00+05:30,24386.85,24419.75,24311.2,24367.5,0,NSE:NIFTY50-INDEX,24443.51851076026,24370.529200013167
2024-08-12 05:30:00+05:30,24320.05,24472.8,24212.1,24347.0,0,NSE:NIFTY50-INDEX,24434.326271640235,24369.60648628716
2024-08-13 05:30:00+05:30,24342.35,24359.95,24116.5,24139.0,0,NSE:NIFTY50-INDEX,24406.19996005545,24360.563094668058
2024-08-14 05:30:00+05:30,24184.4,24196.5,24099.7,24143.75,0,NSE:NIFTY50-INDEX,24381.20472576446,24352.06062036735
2024-08-16 05:30:00+05:30,24334.85,24563.9,24204.5,24541.15,0,NSE:NIFTY50-INDEX,24396.437609024986,24359.475890156864
2024-08-19 05:30:00+05:30,24636.35,24638.8,24522.95,24572.65,0,NSE:NIFTY50-INDEX,24413.219741498797,24367.835659170323
2024-08-20 05:30:00+05:30,24648.9,24734.3,24607.2,24698.85,0,NSE:NIFTY50-INDEX,24440.422623260816,24380.816613712665
2024-08-21 05:30:00+05:30,24680.55,24787.95,24654.5,24770.2,0,NSE:NIFTY50-INDEX,24471.82999247407,24396.086550429813
2024-08-22 05:30:00+05:30,24863.4,24867.35,24784.45,24811.5,0,NSE:NIFTY50-INDEX,24504.17951700035,24412.37727394237
2024-08-23 05:30:00+05:30,24845.4,24858.4,24771.65,24823.15,0,NSE:NIFTY50-INDEX,24534.55765823841,24428.486008297572
2024-08-26 05:30:00+05:30,24906.1,25043.8,24874.7,25010.6,0,NSE:NIFTY50-INDEX,24579.895024120466,24451.314007972178
2024-08-27 05:30:00+05:30,25024.8,25073.1,24973.65,25017.75,0,NSE:NIFTY50-INDEX,24621.595498013754,24473.527184130133
2024-08-28 05:30:00+05:30,25030.8,25129.6,24964.65,25052.35,0,NSE:NIFTY50-INDEX,24662.61973629816,24496.22611808581
2024-08-29 05:30:00+05:30,25035.3,25192.9,24998.5,25151.95,0,NSE:NIFTY50-INDEX,24709.22261855548,24521.940780121662
2024-08-30 05:30:00+05:30,25249.7,25268.35,25199.4,25235.9,0,NSE:NIFTY50-INDEX,24759.382369169245,24549.939180901205
2024-09-02 05:30:00+05:30,25333.6,25333.65,25235.5,25278.7,0,NSE:NIFTY50-INDEX,24808.841191153126,24578.51803655214
2024-09-03 05:30:00+05:30,25313.4,25321.7,25235.8,25279.85,0,NSE:NIFTY50-INDEX,24853.699172948065,24606.021250805
2024-09-04 05:30:00+05:30,25089.95,25216.0,25083.8,25198.7,0,NSE:NIFTY50-INDEX,24886.556394572057,24629.263554695
2024-09-05 05:30:00+05:30,25250.5,25275.45,25127.75,25145.1,0,NSE:NIFTY50-INDEX,24911.179595089005,24649.49243490304
2024-09-06 05:30:00+05:30,25093.7,25168.75,24801.3,24852.15,0,NSE:NIFTY50-INDEX,24905.557728890053,24657.43979039704
2024-09-09 05:30:00+05:30,24823.4,24957.5,24753.15,24936.4,0,NSE:NIFTY50-INDEX,24908.495088043383,24668.3794064599
2024-09-10 05:30:00+05:30,24999.4,25130.5,24896.8,25041.1,0,NSE:NIFTY50-INDEX,24921.124127277344,24682.995900324215
2024-09-11 05:30:00+05:30,25034.0,25113.7,24885.15,24918.45,0,NSE:NIFTY50-INDEX,24920.869448489026,24692.229394429145
2024-09-12 05:30:00+05:30,25059.65,25433.35,24941.45,25388.9,0,NSE:NIFTY50-INDEX,24965.443786728167,24719.549810333883
2024-09-13 05:30:00+05:30,25430.45,25430.5,25292.45,25356.5,0,NSE:NIFTY50-INDEX,25002.6872356112,24744.52824914432
2024-09-16 05:30:00+05:30,25406.65,25445.7,25336.2,25383.75,0,NSE:NIFTY50-INDEX,25038.978927457752,24769.59576878572
2024-09-17 05:30:00+05:30,25416.9,25441.65,25352.25,25418.55,0,NSE:NIFTY50-INDEX,25075.128553414157,24795.044954323537
2024-09-18 05:30:00+05:30,25402.4,25482.2,25285.55,25377.55,0,NSE:NIFTY50-INDEX,25103.930595946145,24817.888289448107
2024-09-19 05:30:00+05:30,25487.05,25611.95,25376.05,25415.8,0,NSE:NIFTY50-INDEX,25133.632443951275,24841.335807508967
2024-09-20 05:30:00+05:30,25525.95,25849.25,25426.6,25790.95,0,NSE:NIFTY50-INDEX,25196.234115955915,24878.575579763517
2024-09-23 05:30:00+05:30,25872.55,25956.0,25847.35,25939.05,0,NSE:NIFTY50-INDEX,25266.978485864878,24920.162811929655
2024-09-24 05:30:00+05:30,25921.45,26011.55,25886.85,25940.4,0,NSE:NIFTY50-INDEX,25331.113868163462,24960.17211342261
2024-09-25 05:30:00+05:30,25899.45,26032.8,25871.35,26004.15,0,NSE:NIFTY50-INDEX,25395.21254738599,25001.112422700153
2024-09-26 05:30:00+05:30,26005.4,26250.9,25998.4,26216.05,0,NSE:NIFTY50-INDEX,25473.38754287304,25048.757033574657
2024-09-27 05:30:00+05:30,26248.25,26277.35,26151.4,26178.95,0,NSE:NIFTY50-INDEX,25540.583967361323,25093.078326375653
2024-09-30 05:30:00+05:30,26061.3,26134.7,25794.1,25810.85,0,NSE:NIFTY50-INDEX,25566.32358951739,25121.226235145234
2024-10-01 05:30:00+05:30,25788.45,25907.6,25739.2,25796.9,0,NSE:NIFTY50-INDEX,25588.28324765859,25147.723245531695
2024-10-03 05:30:00+05:30,25452.85,25639.45,25230.3,25250.1,0,NSE:NIFTY50-INDEX,25556.075319310152,25151.73802021673
2024-10-04 05:30:00+05:30,25181.9,25485.05,24966.8,25014.6,0,NSE:NIFTY50-INDEX,25504.50624128061,25146.360058639606
2024-10-07 05:30:00+05:30,25084.1,25143.0,24694.35,24795.75,0,NSE:NIFTY50-INDEX,25437.005646872934,25132.610644575307
2024-10-08 05:30:00+05:30,24832.2,25044.0,24756.8,25013.15,0,NSE:NIFTY50-INDEX,25396.638442408846,25127.925913415493
2024-10-09 05:30:00+05:30,25065.8,25234.05,24947.7,24981.95,0,NSE:NIFTY50-INDEX,25357.144305036574,25122.201367791356
2024-10-10 05:30:00+05:30,25067.05,25134.05,24979.4,24998.45,0,NSE:NIFTY50-INDEX,25322.98294265214,25117.34837297601
2024-10-11 05:30:00+05:30,24985.3,25028.65,24920.05,24964.25,0,NSE:NIFTY50-INDEX,25288.817900494792,25111.344515212244
2024-10-14 05:30:00+05:30,25023.45,25159.75,25017.5,25127.95,0,NSE:NIFTY50-INDEX,25273.497148066715,25111.99571069412
2024-10-15 05:30:00+05:30,25186.3,25212.05,25008.15,25057.35,0,NSE:NIFTY50-INDEX,25252.911705393697,25109.85274164729
2024-10-16 05:30:00+05:30,25008.55,25093.4,24908.45,24971.3,0,NSE:NIFTY50-INDEX,25226.09154297525,25104.419300798378
2024-10-17 05:30:00+05:30,25027.4,25029.5,24728.9,24749.85,0,NSE:NIFTY50-INDEX,25180.735205549034,25090.514622335697
2024-10-18 05:30:00+05:30,24664.95,24886.2,24567.65,24854.05,0,NSE:NIFTY50-INDEX,25149.62232883008,25081.241499891163
2024-10-21 05:30:00+05:30,24956.15,24978.3,24679.6,24781.1,0,NSE:NIFTY50-INDEX,25114.524964179593,25069.47124499347
2024-10-22 05:30:00+05:30,24798.65,24882.0,24445.8,24472.1,0,NSE:NIFTY50-INDEX,25053.34163425773,25046.044921660392
2024-10-23 05:30:00+05:30,24378.15,24604.25,24378.1,24435.5,0,NSE:NIFTY50-INDEX,24994.499573852234,25022.101983556062
2024-10-24 05:30:00+05:30,24412.7,24480.65,24341.2,24399.4,0,NSE:NIFTY50-INDEX,24937.823423961545,24997.682297926414
2024-10-25 05:30:00+05:30,24418.05,24440.25,24073.9,24180.8,0,NSE:NIFTY50-INDEX,24865.72595501283,24965.64769800773
2024-10-28 05:30:00+05:30,24251.1,24492.6,24134.9,24339.15,0,NSE:NIFTY50-INDEX,24815.575864059225,24941.07916083096
2024-10-29 05:30:00+05:30,24328.85,24484.5,24140.85,24466.85,0,NSE:NIFTY50-INDEX,24782.363877005966,24922.481938837587
2024-10-30 05:30:00+05:30,24371.45,24498.2,24307.3,24340.85,0,NSE:NIFTY50-INDEX,24740.31493633873,24899.6728431969
2024-10-31 05:30:00+05:30,24349.85,24372.45,24172.6,24205.35,0,NSE:NIFTY50-INDEX,24689.365894782663,24872.444496404863
2024-11-01 05:30:00+05:30,24302.75,24368.25,24280.2,24304.35,0,NSE:NIFTY50-INDEX,24652.697714327172,24850.166280859576
2024-11-04 05:30:00+05:30,24315.75,24316.75,23816.15,23995.35,0,NSE:NIFTY50-INDEX,24590.093170105538,24816.644073767045
2024-11-05 05:30:00+05:30,23916.5,24229.05,23842.75,24213.3,0,NSE:NIFTY50-INDEX,24554.20810628596,24792.983521854614
2024-11-06 05:30:00+05:30,24308.75,24537.6,24204.05,24484.05,0,NSE:NIFTY50-INDEX,24547.526381877775,24780.868481781883
2024-11-07 05:30:00+05:30,24489.6,24503.35,24179.05,24199.35,0,NSE:NIFTY50-INDEX,24514.366726460845,24758.063835437497
2024-11-08 05:30:00+05:30,24207.7,24276.15,24066.65,24148.2,0,NSE:NIFTY50-INDEX,24479.493704893146,24734.14760659681
2024-11-11 05:30:00+05:30,24087.25,24336.8,24004.6,24141.3,0,NSE:NIFTY50-INDEX,24447.28478061761,24710.898680847917
2024-11-12 05:30:00+05:30,24225.8,24242.0,23839.15,23883.45,0,NSE:NIFTY50-INDEX,24393.586230082597,24678.44971297153
2024-11-13 05:30:00+05:30,23822.45,23873.6,23509.6,23559.05,0,NSE:NIFTY50-INDEX,24314.10658912235,24634.551685011866
2024-11-14 05:30:00+05:30,23542.15,23675.9,23484.15,23532.7,0,NSE:NIFTY50-INDEX,24239.686913967842,24591.341815011398
2024-11-18 05:30:00+05:30,23605.3,23606.8,23350.4,23453.8,0,NSE:NIFTY50-INDEX,24164.840541209,24546.732332069772
2024-11-19 05:30:00+05:30,23529.55,23780.65,23464.8,23518.5,0,NSE:NIFTY50-INDEX,24103.284299189094,24506.40949551802
2024-11-21 05:30:00+05:30,23488.45,23507.3,23263.15,23349.9,0,NSE:NIFTY50-INDEX,24031.533413552035,24461.056181968295
2024-11-22 05:30:00+05:30,23411.8,23956.1,23359.0,23907.25,0,NSE:NIFTY50-INDEX,24019.69689797565,24439.33829247934
2024-11-25 05:30:00+05:30,24253.55,24351.55,24135.45,24221.9,0,NSE:NIFTY50-INDEX,24038.954336263683,24430.811300617406
2024-11-26 05:30:00+05:30,24343.3,24343.3,24125.4,24194.5,0,NSE:NIFTY50-INDEX,24053.768209000475,24421.54419078927
2024-11-27 05:30:00+05:30,24204.8,24354.55,24145.65,24274.9,0,NSE:NIFTY50-INDEX,24074.82837957186,24415.7934382093
2024-11-28 05:30:00+05:30,24274.15,24345.75,23873.35,23914.15,0,NSE:NIFTY50-INDEX,24059.525676755493,24396.12114651482
2024-11-29 05:30:00+05:30,23927.15,24188.45,23927.15,24131.1,0,NSE:NIFTY50-INDEX,24066.342278969256,24385.72816037698
2024-12-02 05:30:00+05:30,24140.85,24301.7,24008.65,24276.05,0,NSE:NIFTY50-INDEX,24086.314442876945,24381.427056048473
2024-12-03 05:30:00+05:30,24367.5,24481.35,24280.0,24457.15,0,NSE:NIFTY50-INDEX,24121.632114983902,24384.39658326226
2024-12-04 05:30:00+05:30,24488.75,24573.2,24366.3,24467.45,0,NSE:NIFTY50-INDEX,24154.567151652103,24387.653579997073
2024-12-05 05:30:00+05:30,24539.15,24857.75,24295.55,24708.4,0,NSE:NIFTY50-INDEX,24207.313137209047,24400.23187097758
2024-12-06 05:30:00+05:30,24729.45,24751.05,24620.5,24677.8,0,NSE:NIFTY50-INDEX,24252.121409855805,24411.116895645126
2024-12-09 05:30:00+05:30,24633.9,24705.0,24580.05,24619.0,0,NSE:NIFTY50-INDEX,24287.062227964776,24419.269174247278
2024-12-10 05:30:00+05:30,24652.65,24677.8,24510.65,24610.05,0,NSE:NIFTY50-INDEX,24317.822968158605,24426.750775257187
2024-12-11 05:30:00+05:30,24620.5,24691.75,24583.85,24641.8,0,NSE:NIFTY50-INDEX,24348.67792357207,24435.18407818828
2024-12-12 05:30:00+05:30,24604.45,24675.25,24527.95,24548.7,0,NSE:NIFTY50-INDEX,24367.727645136638,24439.635682965207
2024-12-13 05:30:00+05:30,24498.35,24792.3,24180.8,24768.3,0,NSE:NIFTY50-INDEX,24405.877393218863,24452.524479711672
2024-12-16 05:30:00+05:30,24753.4,24781.25,24601.75,24668.25,0,NSE:NIFTY50-INDEX,24430.86526053135,24460.984304036705
2024-12-17 05:30:00+05:30,24584.8,24624.1,24303.45,24336.0,0,NSE:NIFTY50-INDEX,24421.83047381408,24456.082958780367
2024-12-18 05:30:00+05:30,24297.95,24394.45,24149.85,24198.85,0,NSE:NIFTY50-INDEX,24400.59423821274,24445.99539176937
2024-12-19 05:30:00+05:30,23877.15,24004.9,23870.3,23951.7,0,NSE:NIFTY50-INDEX,24357.842406002004,24426.611258758807
2024-12-20 05:30:00+05:30,23960.7,24065.8,23537.35,23587.5,0,NSE:NIFTY50-INDEX,24284.476462573242,24393.704934885915
2024-12-23 05:30:00+05:30,23738.2,23869.55,23647.2,23753.45,0,NSE:NIFTY50-INDEX,24233.902513756744,24368.596898223725
2024-12-24 05:30:00+05:30,23769.1,23867.65,23685.15,23727.65,0,NSE:NIFTY50-INDEX,24185.687988637055,24343.461725744364
2024-12-26 05:30:00+05:30,23775.8,23854.5,23653.6,23750.2,0,NSE:NIFTY50-INDEX,24144.212942100196,24320.196560028897
2024-12-27 05:30:00+05:30,23801.4,23938.85,23800.6,23813.4,0,NSE:NIFTY50-INDEX,24112.706947614464,24300.322185125802
2024-12-30 05:30:00+05:30,23796.9,23915.35,23599.3,23644.9,0,NSE:NIFTY50-INDEX,24068.153904984516,24274.619354336555
2024-12-31 05:30:00+05:30,23560.6,23689.85,23460.45,23644.8,0,NSE:NIFTY50-INDEX,24027.834485462183,24249.92055612728
2025-01-01 05:30:00+05:30,23637.65,23822.8,23562.8,23742.9,0,NSE:NIFTY50-INDEX,24000.697867799117,24230.037397063465
2025-01-02 05:30:00+05:30,23783.0,24226.7,23751.55,24188.65,0,NSE:NIFTY50-INDEX,24018.598070865868,24228.41436188451
2025-01-03 05:30:00+05:30,24196.4,24196.45,23976.0,24004.75,0,NSE:NIFTY50-INDEX,24017.279206973883,24219.64321043806
2025-01-06 05:30:00+05:30,24045.8,24089.95,23551.9,23616.05,0,NSE:NIFTY50-INDEX,23979.066901547798,24195.972888460095
2025-01-07 05:30:00+05:30,23679.9,23795.2,23637.8,23707.9,0,NSE:NIFTY50-INDEX,23953.241482352772,24176.83277518715
2025-01-08 05:30:00+05:30,23746.65,23751.85,23496.15,23688.95,0,NSE:NIFTY50-INDEX,23928.07086498584,24157.700117336677
2025-01-09 05:30:00+05:30,23674.75,23689.5,23503.05,23526.5,0,NSE:NIFTY50-INDEX,23889.826020701475,24132.947171558768
2025-01-10 05:30:00+05:30,23551.9,23596.6,23344.35,23431.5,0,NSE:NIFTY50-INDEX,23846.17592349181,24105.439439340775
2025-01-13 05:30:00+05:30,23195.4,23340.95,23047.25,23085.95,0,NSE:NIFTY50-INDEX,23773.77345458783,24065.45946132741
2025-01-14 05:30:00+05:30,23165.9,23264.95,23134.15,23176.05,0,NSE:NIFTY50-INDEX,23716.84741129375,24030.580658922412
2025-01-15 05:30:00+05:30,23250.45,23293.65,23146.45,23213.2,0,NSE:NIFTY50-INDEX,23668.880991170536,23998.52651543526
2025-01-16 05:30:00+05:30,23377.25,23391.65,23272.05,23311.8,0,NSE:NIFTY50-INDEX,23634.873277725725,23971.596063849564
2025-01-17 05:30:00+05:30,23277.1,23292.1,23100.35,23203.2,0,NSE:NIFTY50-INDEX,23593.76153698994,23941.462884875073
2025-01-20 05:30:00+05:30,23290.4,23391.1,23170.65,23344.75,0,NSE:NIFTY50-INDEX,23570.046152514708,23918.062379585856
2025-01-21 05:30:00+05:30,23421.65,23426.3,22976.85,23024.65,0,NSE:NIFTY50-INDEX,23518.10366179902,23883.026599994253
2025-01-22 05:30:00+05:30,23099.15,23169.55,22981.3,23155.35,0,NSE:NIFTY50-INDEX,23483.55569400864,23854.490262739575
2025-01-23 05:30:00+05:30,23128.3,23270.8,23090.65,23205.35,0,NSE:NIFTY50-INDEX,23457.059913626865,23829.03378184783
2025-01-24 05:30:00+05:30,23183.9,23347.3,23050.0,23092.2,0,NSE:NIFTY50-INDEX,23422.311350424305,23800.138339422425
2025-01-27 05:30:00+05:30,22940.15,23007.45,22786.9,22829.15,0,NSE:NIFTY50-INDEX,23365.819793241037,23762.06036532743
2025-01-28 05:30:00+05:30,22960.45,23137.95,22857.65,22957.25,0,NSE:NIFTY50-INDEX,23326.90838436094,23730.499174530276
2025-01-29 05:30:00+05:30,23026.75,23183.35,22976.5,23163.1,0,NSE:NIFTY50-INDEX,23311.307585850376,23708.24822650948
2025-01-30 05:30:00+05:30,23169.5,23322.05,23139.2,23249.5,0,NSE:NIFTY50-INDEX,23305.42114910272,23690.2580999797
2025-01-31 05:30:00+05:30,23296.75,23546.8,23277.4,23508.4,0,NSE:NIFTY50-INDEX,23324.752468235794,23683.126409784418
2025-02-01 05:30:00+05:30,23528.6,23632.45,23318.3,23482.15,0,NSE:NIFTY50-INDEX,23339.742709356196,23675.244981949738
2025-02-03 05:30:00+05:30,23319.35,23381.6,23222.0,23361.05,0,NSE:NIFTY50-INDEX,23341.771975131796,23662.923610108573
2025-02-04 05:30:00+05:30,23509.9,23762.75,23423.15,23739.25,0,NSE:NIFTY50-INDEX,23379.627025119247,23665.91680186902
2025-02-05 05:30:00+05:30,23801.75,23807.3,23680.45,23696.3,0,NSE:NIFTY50-INDEX,23409.78635606027,23667.10829983494
2025-02-06 05:30:00+05:30,23761.95,23773.55,23556.25,23603.35,0,NSE:NIFTY50-INDEX,23428.220988816436,23664.60797435122
2025-02-07 05:30:00+05:30,23649.5,23694.5,23443.2,23559.95,0,NSE:NIFTY50-INDEX,23440.766608929156,23660.503740062937
2025-02-10 05:30:00+05:30,23543.8,23568.6,23316.3,23381.6,0,NSE:NIFTY50-INDEX,23435.131693793046,23649.56633849184
2025-02-11 05:30:00+05:30,23383.55,23390.05,22986.65,23071.8,0,NSE:NIFTY50-INDEX,23400.528675336565,23626.908835021575
2025-02-12 05:30:00+05:30,23050.8,23144.7,22798.35,23045.25,0,NSE:NIFTY50-INDEX,23366.692611018796,23604.098684628574
2025-02-13 05:30:00+05:30,23055.75,23235.5,22992.2,23031.4,0,NSE:NIFTY50-INDEX,23334.759981397958,23581.639912682356
2025-02-14 05:30:00+05:30,23096.45,23133.7,22774.85,22929.25,0,NSE:NIFTY50-INDEX,23296.13998316958,23556.05599453795
2025-02-17 05:30:00+05:30,22809.9,22974.2,22725.45,22959.5,0,NSE:NIFTY50-INDEX,23264.079032391528,23532.661641810973
2025-02-18 05:30:00+05:30,22963.65,22992.5,22801.5,22945.3,0,NSE:NIFTY50-INDEX,23233.719124544717,23509.627851936035
2025-02-19 05:30:00+05:30,22847.25,23049.95,22814.85,22932.9,0,NSE:NIFTY50-INDEX,23205.069684111888,23487.01107342874
2025-02-20 05:30:00+05:30,22821.1,22923.85,22812.75,22913.15,0,NSE:NIFTY50-INDEX,23177.267809434565,23464.50671760801
2025-02-21 05:30:00+05:30,22857.2,22921.0,22720.3,22795.9,0,NSE:NIFTY50-INDEX,23140.94706567889,23438.28684632926
2025-02-24 05:30:00+05:30,22609.35,22668.05,22518.8,22553.35,0,NSE:NIFTY50-INDEX,23084.985440376142,23403.583440590857
2025-02-25 05:30:00+05:30,22516.45,22625.3,22513.9,22547.55,0,NSE:NIFTY50-INDEX,23033.801112721274,23370.013501744157
2025-02-27 05:30:00+05:30,22568.95,22613.3,22508.4,22545.05,0,NSE:NIFTY50-INDEX,22987.2533877002,23337.66199187184
2025-02-28 05:30:00+05:30,22433.4,22450.35,22104.85,22124.7,0,NSE:NIFTY50-INDEX,22905.105446014466,23290.09485493569
2025-03-03 05:30:00+05:30,22194.55,22261.55,22004.7,22119.3,0,NSE:NIFTY50-INDEX,22830.266832108326,23244.181331212723
2025-03-04 05:30:00+05:30,21974.45,22105.05,21964.6,22082.65,0,NSE:NIFTY50-INDEX,22759.065229050393,23198.63108292987
2025-03-05 05:30:00+05:30,22073.05,22394.9,22067.8,22337.3,0,NSE:NIFTY50-INDEX,22718.897111997972,23164.85339340321
2025-03-06 05:30:00+05:30,22476.35,22556.45,22245.85,22544.7,0,NSE:NIFTY50-INDEX,22702.30691085531,23140.53365248544
2025-03-07 05:30:00+05:30,22508.65,22633.8,22464.75,22552.5,0,NSE:NIFTY50-INDEX,22688.039586011946,23117.473509250714
2025-03-10 05:30:00+05:30,22521.85,22676.75,22429.05,22460.3,0,NSE:NIFTY50-INDEX,22666.350101629854,23091.70199908402
2025-03-11 05:30:00+05:30,22345.95,22522.1,22314.7,22497.9,0,NSE:NIFTY50-INDEX,22650.307234807966,23068.415646178764
2025-03-12 05:30:00+05:30,22536.35,22577.4,22329.55,22470.5,0,NSE:NIFTY50-INDEX,22633.182736254825,23044.9679737796
2025-03-13 05:30:00+05:30,22541.5,22558.05,22377.35,22397.2,0,NSE:NIFTY50-INDEX,22610.708189944842,23019.565308141187
2025-03-17 05:30:00+05:30,22353.15,22577.0,22353.15,22508.75,0,NSE:NIFTY50-INDEX,22600.997886140573,22999.533335272907
2025-03-18 05:30:00+05:30,22662.25,22857.8,22599.2,22834.3,0,NSE:NIFTY50-INDEX,22623.217135079565,22993.053596634756
2025-03-19 05:30:00+05:30,22874.95,22940.7,22807.95,22907.6,0,NSE:NIFTY50-INDEX,22650.30121745294,22989.7024751981
2025-03-20 05:30:00+05:30,23036.6,23216.7,22973.95,23190.65,0,NSE:NIFTY50-INDEX,22701.76300626695,22997.582770288373
2025-03-21 05:30:00+05:30,23168.25,23402.7,23132.8,23350.4,0,NSE:NIFTY50-INDEX,22763.53795805105,23011.418740080986
2025-03-24 05:30:00+05:30,23515.4,23708.75,23433.5,23658.35,0,NSE:NIFTY50-INDEX,22848.75815252238,23036.788593411144
2025-03-25 05:30:00+05:30,23751.5,23869.6,23601.4,23668.65,0,NSE:NIFTY50-INDEX,22926.84309037739,23061.567472100905
2025-03-26 05:30:00+05:30,23700.95,23736.5,23451.7,23486.85,0,NSE:NIFTY50-INDEX,22980.17708177002,23078.245218293025
2025-03-27 05:30:00+05:30,23433.95,23646.45,23412.2,23591.95,0,NSE:NIFTY50-INDEX,23038.441169220492,23098.39050385016
2025-03-28 05:30:00+05:30,23600.4,23649.2,23450.2,23519.35,0,NSE:NIFTY50-INDEX,23084.24201024711,23114.898719385452
2025-04-01 05:30:00+05:30,23341.1,23565.15,23136.4,23165.7,0,NSE:NIFTY50-INDEX,23091.999914033102,23116.890926468375
2025-04-02 05:30:00+05:30,23192.6,23350.0,23158.45,23332.35,0,NSE:NIFTY50-INDEX,23114.8903984109,23125.34030190099
2025-04-03 05:30:00+05:30,23150.3,23306.5,23145.8,23250.1,0,NSE:NIFTY50-INDEX,23127.767503324147,23130.23283908134
2025-04-04 05:30:00+05:30,23190.4,23214.7,22857.45,22904.45,0,NSE:NIFTY50-INDEX,23106.49916967423,23121.378610097763
2025-04-07 05:30:00+05:30,21758.4,22254.0,21743.65,22161.6,0,NSE:NIFTY50-INDEX,23016.508772562396,23083.740233231183
2025-04-08 05:30:00+05:30,22446.75,22697.2,22270.85,22535.85,0,NSE:NIFTY50-INDEX,22970.731746604073,23062.254341731925
2025-04-09 05:30:00+05:30,22460.3,22468.7,22353.25,22399.15,0,NSE:NIFTY50-INDEX,22916.29538978464,23036.250249899298
2025-04-11 05:30:00+05:30,22695.4,22923.9,22695.4,22828.55,0,NSE:NIFTY50-INDEX,22907.93868599563,23028.10514206011
2025-04-15 05:30:00+05:30,23368.35,23368.35,23207.0,23328.55,0,NSE:NIFTY50-INDEX,22947.996906376997,23039.887293351872
2025-04-16 05:30:00+05:30,23344.1,23452.2,23273.05,23437.2,0,NSE:NIFTY50-INDEX,22994.587677198237,23055.46818380866
2025-04-17 05:30:00+05:30,23401.85,23872.35,23298.55,23851.65,0,NSE:NIFTY50-INDEX,23076.212660322213,23086.691000129893
2025-04-21 05:30:00+05:30,23949.15,24189.55,23903.65,24125.55,0,NSE:NIFTY50-INDEX,23176.149549815338,23127.43056875225
2025-04-22 05:30:00+05:30,24185.4,24242.6,24072.0,24167.25,0,NSE:NIFTY50-INDEX,23270.540068880546,23168.207801350203
2025-04-23 05:30:00+05:30,24357.6,24359.3,24119.95,24328.95,0,NSE:NIFTY50-INDEX,23371.341014701447,23213.72710325804
2025-04-24 05:30:00+05:30,24277.9,24347.85,24216.15,24246.7,0,NSE:NIFTY50-INDEX,23454.708537110833,23254.235844306742
2025-04-25 05:30:00+05:30,24289.0,24365.45,23847.85,24039.35,0,NSE:NIFTY50-INDEX,23510.388676433613,23285.024634726087
2025-04-28 05:30:00+05:30,24070.25,24355.1,24054.05,24328.5,0,NSE:NIFTY50-INDEX,23588.304040582792,23325.94523728585
2025-04-29 05:30:00+05:30,24370.7,24457.65,24290.75,24335.95,0,NSE:NIFTY50-INDEX,23659.508417670146,23365.553267196206
2025-04-30 05:30:00+05:30,24342.05,24396.15,24198.75,24334.2,0,NSE:NIFTY50-INDEX,23723.764758844416,23403.53941358067
2025-05-02 05:30:00+05:30,24311.9,24589.15,24238.5,24346.7,0,NSE:NIFTY50-INDEX,23783.09192466876,23440.526103244174
2025-05-05 05:30:00+05:30,24419.5,24526.4,24400.65,24461.15,0,NSE:NIFTY50-INDEX,23847.668884224113,23480.55056978362
2025-05-06 05:30:00+05:30,24500.75,24509.65,24331.8,24379.6,0,NSE:NIFTY50-INDEX,23898.32899048848,23515.80741018426
2025-05-07 05:30:00+05:30,24233.3,24449.6,24220.0,24414.4,0,NSE:NIFTY50-INDEX,23947.478610441958,23551.046335275074
2025-05-08 05:30:00+05:30,24431.5,24447.25,24150.2,24273.8,0,NSE:NIFTY50-INDEX,23978.556838018914,23579.389616244676
2025-05-09 05:30:00+05:30,23935.75,24164.25,23935.75,24008.0,0,NSE:NIFTY50-INDEX,23981.36094868378,23596.197866588023
2025-05-12 05:30:00+05:30,24420.1,24944.8,24378.85,24924.7,0,NSE:NIFTY50-INDEX,24071.20276309485,23648.295989466926
2025-05-13 05:30:00+05:30,24864.05,24973.8,24547.5,24578.35,0,NSE:NIFTY50-INDEX,24119.50249994296,23684.76869576234
2025-05-14 05:30:00+05:30,24613.8,24767.55,24535.55,24666.9,0,NSE:NIFTY50-INDEX,24171.635595186486,23723.2836488697
2025-05-15 05:30:00+05:30,24694.45,25116.25,24494.45,25062.1,0,NSE:NIFTY50-INDEX,24256.441728978247,23775.78625087481
2025-05-16 05:30:00+05:30,25064.65,25070.0,24953.05,25019.8,0,NSE:NIFTY50-INDEX,24329.142516694603,23824.571103781684
2025-05-19 05:30:00+05:30,25005.35,25062.95,24916.65,24945.45,0,NSE:NIFTY50-INDEX,24387.83846748559,23868.5271389275
2025-05-20 05:30:00+05:30,24996.2,25010.35,24669.7,24683.9,0,NSE:NIFTY50-INDEX,24416.034803915532,23900.50254524407
2025-05-21 05:30:00+05:30,24744.25,24946.2,24685.35,24813.45,0,NSE:NIFTY50-INDEX,24453.88387020929,23936.304406214895
2025-05-22 05:30:00+05:30,24733.95,24737.5,24462.4,24609.7,0,NSE:NIFTY50-INDEX,24468.72350161793,23962.71207655941
2025-05-23 05:30:00+05:30,24639.5,24909.05,24614.05,24853.15,0,NSE:NIFTY50-INDEX,24505.33554908289,23997.631210811986
2025-05-26 05:30:00+05:30,24919.35,25079.2,24900.5,25001.15,0,NSE:NIFTY50-INDEX,24552.555972979757,24036.98488881936
2025-05-27 05:30:00+05:30,24956.65,25062.9,24704.1,24826.2,0,NSE:NIFTY50-INDEX,24578.61730888645,24067.934501022522
2025-05-28 05:30:00+05:30,24832.5,24864.25,24737.05,24752.45,0,NSE:NIFTY50-INDEX,24595.17280327822,24094.778246080463
2025-05-29 05:30:00+05:30,24825.1,24892.6,24677.3,24833.6,0,NSE:NIFTY50-INDEX,24617.88015534696,24123.751648194953
2025-05-30 05:30:00+05:30,24812.6,24863.95,24717.4,24750.7,0,NSE:NIFTY50-INDEX,24630.529664361537,24148.33785806966
2025-06-02 05:30:00+05:30,24669.7,24754.4,24526.15,24716.6,0,NSE:NIFTY50-INDEX,24638.726839184248,24170.62264794928
2025-06-03 05:30:00+05:30,24786.3,24845.1,24502.15,24542.5,0,NSE:NIFTY50-INDEX,24629.562378309558,24185.206073519897
2025-06-04 05:30:00+05:30,24560.45,24644.25,24530.45,24620.2,0,NSE:NIFTY50-INDEX,24628.670723232455,24202.26465887206
2025-06-05 05:30:00+05:30,24691.2,24899.85,24613.1,24750.9,0,NSE:NIFTY50-INDEX,24640.311606734125,24223.779770288842
2025-06-06 05:30:00+05:30,24748.7,25029.5,24671.45,25003.05,0,NSE:NIFTY50-INDEX,24674.858120378496,24254.339387140262
2025-06-09 05:30:00+05:30,25160.1,25160.1,25077.15,25103.2,0,NSE:NIFTY50-INDEX,24715.65258510435,24287.628038624956
2025-06-10 05:30:00+05:30,25196.05,25199.3,25055.45,25104.25,0,NSE:NIFTY50-INDEX,24752.66186271346,24319.652429267117
2025-06-11 05:30:00+05:30,25134.15,25222.4,25081.3,25141.4,0,NSE:NIFTY50-INDEX,24789.684542455037,24351.877824197818
2025-06-12 05:30:00+05:30,25164.45,25196.2,24825.9,24888.2,0,NSE:NIFTY50-INDEX,24799.06696698313,24372.91006638614
2025-06-13 05:30:00+05:30,24473.0,24754.35,24473.0,24718.6,0,NSE:NIFTY50-INDEX,24791.403446318072,24386.466534370997
2025-06-16 05:30:00+05:30,24732.35,24967.1,24703.6,24946.5,0,NSE:NIFTY50-INDEX,24806.17454666873,24408.428631062332
2025-06-17 05:30:00+05:30,24977.85,24982.05,24813.7,24853.4,0,NSE:NIFTY50-INDEX,24810.67220889076,24425.87848866773
2025-06-18 05:30:00+05:30,24788.35,24947.55,24750.45,24812.05,0,NSE:NIFTY50-INDEX,24810.80342709164,24441.02246950429
2025-06-19 05:30:00+05:30,24803.25,24863.1,24733.4,24793.25,0,NSE:NIFTY50-INDEX,24809.13167213053,24454.835313837455
2025-06-20 05:30:00+05:30,24787.65,25136.2,24783.65,25112.4,0,NSE:NIFTY50-INDEX,24838.014370022862,24480.622164275203
2025-06-23 05:30:00+05:30,24939.75,25057.0,24824.85,24971.9,0,NSE:NIFTY50-INDEX,24850.765382401638,24499.887961754608
2025-06-24 05:30:00+05:30,25179.9,25317.7,24999.7,25044.35,0,NSE:NIFTY50-INDEX,24869.2020126491,24521.23941423482
2025-06-25 05:30:00+05:30,25150.35,25266.8,25125.05,25244.75,0,NSE:NIFTY50-INDEX,24904.968487634902,24549.612378382473
2025-06-26 05:30:00+05:30,25268.95,25565.3,25259.9,25549.0,0,NSE:NIFTY50-INDEX,24966.304822145863,24588.804049818456
2025-06-27 05:30:00+05:30,25576.65,25654.2,25523.55,25637.8,0,NSE:NIFTY50-INDEX,25030.256743846257,24629.94114590401
